user_000001	0
user_000002	1
user_000003	2
user_000004	3
user_000005	4
user_000006	5
user_000007	6
user_000008	7
user_000009	8
user_000010	9
user_000011	10
user_000012	11
user_000013	12
user_000014	13
user_000015	14
user_000016	15
user_000017	16
user_000018	17
user_000019	18
user_000020	19
user_000021	20
user_000022	21
user_000023	22
user_000024	23
user_000025	24
user_000026	25
user_000027	26
user_000028	27
user_000029	28
user_000030	29
user_000031	30
user_000032	31
user_000033	32
user_000034	33
user_000035	34
user_000036	35
user_000037	36
user_000038	37
user_000039	38
user_000040	39
user_000041	40
user_000042	41
user_000043	42
user_000044	43
user_000045	44
user_000046	45
user_000047	46
user_000048	47
user_000049	48
user_000050	49
user_000051	50
user_000052	51
user_000053	52
user_000054	53
user_000055	54
user_000056	55
user_000057	56
user_000058	57
user_000059	58
user_000060	59
user_000062	60
user_000063	61
user_000064	62
user_000065	63
user_000066	64
user_000067	65
user_000068	66
user_000069	67
user_000070	68
user_000071	69
user_000072	70
user_000073	71
user_000074	72
user_000075	73
user_000076	74
user_000077	75
user_000078	76
user_000079	77
user_000080	78
user_000081	79
user_000082	80
user_000083	81
user_000084	82
user_000085	83
user_000086	84
user_000087	85
user_000088	86
user_000089	87
user_000090	88
user_000091	89
user_000092	90
user_000093	91
user_000094	92
user_000095	93
user_000096	94
user_000097	95
user_000098	96
user_000099	97
user_000100	98
user_000101	99
user_000102	100
user_000103	101
user_000104	102
user_000105	103
user_000106	104
user_000107	105
user_000108	106
user_000109	107
user_000110	108
user_000111	109
user_000112	110
user_000113	111
user_000114	112
user_000115	113
user_000116	114
user_000117	115
user_000118	116
user_000119	117
user_000120	118
user_000121	119
user_000122	120
user_000123	121
user_000124	122
user_000125	123
user_000126	124
user_000127	125
user_000128	126
user_000129	127
user_000130	128
user_000131	129
user_000132	130
user_000133	131
user_000134	132
user_000135	133
user_000136	134
user_000137	135
user_000138	136
user_000139	137
user_000141	138
user_000142	139
user_000143	140
user_000144	141
user_000145	142
user_000146	143
user_000147	144
user_000148	145
user_000149	146
user_000150	147
user_000151	148
user_000152	149
user_000153	150
user_000154	151
user_000155	152
user_000156	153
user_000157	154
user_000158	155
user_000159	156
user_000160	157
user_000161	158
user_000162	159
user_000163	160
user_000164	161
user_000165	162
user_000166	163
user_000167	164
user_000168	165
user_000169	166
user_000170	167
user_000171	168
user_000172	169
user_000173	170
user_000174	171
user_000175	172
user_000176	173
user_000177	174
user_000178	175
user_000179	176
user_000180	177
user_000181	178
user_000182	179
user_000183	180
user_000184	181
user_000185	182
user_000186	183
user_000187	184
user_000188	185
user_000189	186
user_000190	187
user_000191	188
user_000193	189
user_000194	190
user_000195	191
user_000196	192
user_000197	193
user_000198	194
user_000199	195
user_000200	196
user_000201	197
user_000202	198
user_000203	199
user_000204	200
user_000205	201
user_000206	202
user_000207	203
user_000208	204
user_000209	205
user_000210	206
user_000211	207
user_000212	208
user_000213	209
user_000214	210
user_000215	211
user_000216	212
user_000217	213
user_000218	214
user_000219	215
user_000220	216
user_000221	217
user_000222	218
user_000223	219
user_000224	220
user_000225	221
user_000226	222
user_000227	223
user_000228	224
user_000229	225
user_000230	226
user_000232	227
user_000233	228
user_000234	229
user_000235	230
user_000236	231
user_000237	232
user_000238	233
user_000239	234
user_000241	235
user_000242	236
user_000243	237
user_000244	238
user_000245	239
user_000246	240
user_000247	241
user_000249	242
user_000250	243
user_000251	244
user_000252	245
user_000253	246
user_000254	247
user_000255	248
user_000256	249
user_000257	250
user_000258	251
user_000259	252
user_000260	253
user_000261	254
user_000262	255
user_000263	256
user_000264	257
user_000265	258
user_000266	259
user_000267	260
user_000268	261
user_000269	262
user_000270	263
user_000271	264
user_000273	265
user_000274	266
user_000275	267
user_000276	268
user_000277	269
user_000278	270
user_000279	271
user_000280	272
user_000281	273
user_000284	274
user_000285	275
user_000288	276
user_000289	277
user_000290	278
user_000291	279
user_000292	280
user_000293	281
user_000294	282
user_000295	283
user_000296	284
user_000297	285
user_000298	286
user_000299	287
user_000300	288
user_000302	289
user_000303	290
user_000304	291
user_000305	292
user_000306	293
user_000307	294
user_000308	295
user_000309	296
user_000310	297
user_000311	298
user_000312	299
user_000313	300
user_000314	301
user_000315	302
user_000316	303
user_000317	304
user_000318	305
user_000319	306
user_000320	307
user_000321	308
user_000322	309
user_000323	310
user_000324	311
user_000325	312
user_000326	313
user_000327	314
user_000328	315
user_000329	316
user_000330	317
user_000331	318
user_000333	319
user_000334	320
user_000335	321
user_000336	322
user_000337	323
user_000338	324
user_000339	325
user_000340	326
user_000341	327
user_000342	328
user_000343	329
user_000344	330
user_000345	331
user_000346	332
user_000347	333
user_000348	334
user_000349	335
user_000350	336
user_000351	337
user_000352	338
user_000353	339
user_000354	340
user_000355	341
user_000356	342
user_000357	343
user_000358	344
user_000359	345
user_000360	346
user_000361	347
user_000362	348
user_000363	349
user_000366	350
user_000367	351
user_000368	352
user_000369	353
user_000370	354
user_000371	355
user_000372	356
user_000373	357
user_000374	358
user_000375	359
user_000376	360
user_000377	361
user_000378	362
user_000379	363
user_000380	364
user_000381	365
user_000382	366
user_000383	367
user_000384	368
user_000385	369
user_000387	370
user_000388	371
user_000389	372
user_000390	373
user_000391	374
user_000392	375
user_000393	376
user_000394	377
user_000395	378
user_000396	379
user_000397	380
user_000398	381
user_000399	382
user_000400	383
user_000401	384
user_000402	385
user_000403	386
user_000404	387
user_000405	388
user_000406	389
user_000407	390
user_000408	391
user_000409	392
user_000410	393
user_000411	394
user_000412	395
user_000413	396
user_000414	397
user_000415	398
user_000416	399
user_000417	400
user_000418	401
user_000419	402
user_000420	403
user_000421	404
user_000422	405
user_000423	406
user_000424	407
user_000425	408
user_000426	409
user_000427	410
user_000429	411
user_000430	412
user_000431	413
user_000432	414
user_000433	415
user_000434	416
user_000435	417
user_000436	418
user_000437	419
user_000438	420
user_000439	421
user_000440	422
user_000441	423
user_000442	424
user_000443	425
user_000444	426
user_000445	427
user_000446	428
user_000447	429
user_000448	430
user_000449	431
user_000450	432
user_000451	433
user_000452	434
user_000453	435
user_000454	436
user_000456	437
user_000457	438
user_000458	439
user_000459	440
user_000460	441
user_000461	442
user_000462	443
user_000463	444
user_000464	445
user_000465	446
user_000467	447
user_000468	448
user_000469	449
user_000471	450
user_000472	451
user_000473	452
user_000474	453
user_000475	454
user_000476	455
user_000477	456
user_000478	457
user_000479	458
user_000480	459
user_000481	460
user_000482	461
user_000483	462
user_000484	463
user_000485	464
user_000486	465
user_000487	466
user_000488	467
user_000489	468
user_000490	469
user_000491	470
user_000493	471
user_000494	472
user_000495	473
user_000496	474
user_000497	475
user_000498	476
user_000499	477
user_000500	478
user_000501	479
user_000502	480
user_000503	481
user_000504	482
user_000505	483
user_000506	484
user_000507	485
user_000508	486
user_000509	487
user_000510	488
user_000511	489
user_000512	490
user_000513	491
user_000514	492
user_000515	493
user_000516	494
user_000517	495
user_000518	496
user_000519	497
user_000520	498
user_000521	499
user_000522	500
user_000523	501
user_000524	502
user_000525	503
user_000526	504
user_000527	505
user_000528	506
user_000529	507
user_000530	508
user_000531	509
user_000532	510
user_000534	511
user_000535	512
user_000536	513
user_000537	514
user_000539	515
user_000540	516
user_000542	517
user_000543	518
user_000544	519
user_000545	520
user_000546	521
user_000547	522
user_000548	523
user_000549	524
user_000550	525
user_000551	526
user_000552	527
user_000553	528
user_000554	529
user_000555	530
user_000556	531
user_000557	532
user_000558	533
user_000559	534
user_000560	535
user_000562	536
user_000564	537
user_000565	538
user_000567	539
user_000568	540
user_000569	541
user_000570	542
user_000571	543
user_000572	544
user_000573	545
user_000574	546
user_000575	547
user_000576	548
user_000577	549
user_000578	550
user_000579	551
user_000580	552
user_000581	553
user_000582	554
user_000583	555
user_000584	556
user_000585	557
user_000586	558
user_000587	559
user_000588	560
user_000589	561
user_000590	562
user_000591	563
user_000592	564
user_000593	565
user_000594	566
user_000595	567
user_000596	568
user_000597	569
user_000598	570
user_000599	571
user_000600	572
user_000601	573
user_000602	574
user_000603	575
user_000604	576
user_000605	577
user_000606	578
user_000607	579
user_000608	580
user_000609	581
user_000610	582
user_000611	583
user_000612	584
user_000613	585
user_000614	586
user_000615	587
user_000616	588
user_000617	589
user_000619	590
user_000620	591
user_000621	592
user_000622	593
user_000623	594
user_000624	595
user_000625	596
user_000626	597
user_000627	598
user_000628	599
user_000629	600
user_000630	601
user_000631	602
user_000632	603
user_000633	604
user_000634	605
user_000635	606
user_000636	607
user_000637	608
user_000638	609
user_000639	610
user_000640	611
user_000641	612
user_000642	613
user_000643	614
user_000644	615
user_000645	616
user_000646	617
user_000647	618
user_000648	619
user_000649	620
user_000650	621
user_000651	622
user_000652	623
user_000653	624
user_000654	625
user_000655	626
user_000656	627
user_000658	628
user_000659	629
user_000660	630
user_000661	631
user_000662	632
user_000664	633
user_000665	634
user_000666	635
user_000667	636
user_000668	637
user_000669	638
user_000670	639
user_000671	640
user_000672	641
user_000673	642
user_000674	643
user_000675	644
user_000676	645
user_000678	646
user_000679	647
user_000680	648
user_000681	649
user_000682	650
user_000683	651
user_000684	652
user_000685	653
user_000687	654
user_000688	655
user_000689	656
user_000690	657
user_000691	658
user_000692	659
user_000693	660
user_000694	661
user_000695	662
user_000696	663
user_000697	664
user_000698	665
user_000699	666
user_000700	667
user_000701	668
user_000702	669
user_000703	670
user_000704	671
user_000705	672
user_000706	673
user_000707	674
user_000708	675
user_000709	676
user_000710	677
user_000711	678
user_000712	679
user_000713	680
user_000714	681
user_000715	682
user_000716	683
user_000717	684
user_000718	685
user_000719	686
user_000720	687
user_000721	688
user_000722	689
user_000724	690
user_000725	691
user_000726	692
user_000727	693
user_000728	694
user_000729	695
user_000730	696
user_000731	697
user_000732	698
user_000733	699
user_000734	700
user_000735	701
user_000736	702
user_000737	703
user_000738	704
user_000739	705
user_000740	706
user_000741	707
user_000742	708
user_000743	709
user_000744	710
user_000745	711
user_000746	712
user_000747	713
user_000748	714
user_000749	715
user_000750	716
user_000751	717
user_000752	718
user_000753	719
user_000754	720
user_000755	721
user_000756	722
user_000757	723
user_000758	724
user_000760	725
user_000761	726
user_000762	727
user_000763	728
user_000764	729
user_000765	730
user_000766	731
user_000767	732
user_000768	733
user_000769	734
user_000770	735
user_000771	736
user_000772	737
user_000773	738
user_000774	739
user_000775	740
user_000776	741
user_000777	742
user_000778	743
user_000779	744
user_000780	745
user_000781	746
user_000782	747
user_000783	748
user_000784	749
user_000786	750
user_000787	751
user_000788	752
user_000789	753
user_000790	754
user_000791	755
user_000792	756
user_000793	757
user_000794	758
user_000795	759
user_000796	760
user_000797	761
user_000798	762
user_000799	763
user_000800	764
user_000801	765
user_000802	766
user_000803	767
user_000804	768
user_000805	769
user_000806	770
user_000807	771
user_000808	772
user_000809	773
user_000810	774
user_000811	775
user_000812	776
user_000813	777
user_000814	778
user_000816	779
user_000817	780
user_000818	781
user_000819	782
user_000820	783
user_000821	784
user_000822	785
user_000823	786
user_000824	787
user_000825	788
user_000826	789
user_000827	790
user_000828	791
user_000829	792
user_000830	793
user_000831	794
user_000832	795
user_000833	796
user_000834	797
user_000835	798
user_000836	799
user_000837	800
user_000838	801
user_000839	802
user_000840	803
user_000841	804
user_000842	805
user_000844	806
user_000845	807
user_000846	808
user_000847	809
user_000848	810
user_000849	811
user_000850	812
user_000851	813
user_000853	814
user_000854	815
user_000855	816
user_000857	817
user_000858	818
user_000859	819
user_000860	820
user_000861	821
user_000862	822
user_000863	823
user_000864	824
user_000865	825
user_000867	826
user_000868	827
user_000869	828
user_000870	829
user_000871	830
user_000872	831
user_000873	832
user_000874	833
user_000875	834
user_000876	835
user_000877	836
user_000878	837
user_000879	838
user_000880	839
user_000881	840
user_000882	841
user_000883	842
user_000884	843
user_000885	844
user_000886	845
user_000887	846
user_000888	847
user_000889	848
user_000890	849
user_000891	850
user_000892	851
user_000893	852
user_000894	853
user_000896	854
user_000897	855
user_000898	856
user_000899	857
user_000900	858
user_000901	859
user_000902	860
user_000903	861
user_000905	862
user_000906	863
user_000907	864
user_000908	865
user_000909	866
user_000910	867
user_000911	868
user_000912	869
user_000913	870
user_000914	871
user_000915	872
user_000917	873
user_000918	874
user_000919	875
user_000920	876
user_000921	877
user_000922	878
user_000923	879
user_000924	880
user_000925	881
user_000926	882
user_000927	883
user_000928	884
user_000929	885
user_000930	886
user_000931	887
user_000932	888
user_000933	889
user_000934	890
user_000935	891
user_000936	892
user_000937	893
user_000938	894
user_000939	895
user_000940	896
user_000941	897
user_000942	898
user_000943	899
user_000944	900
user_000945	901
user_000946	902
user_000947	903
user_000948	904
user_000949	905
user_000950	906
user_000951	907
user_000952	908
user_000953	909
user_000954	910
user_000956	911
user_000957	912
user_000958	913
user_000959	914
user_000960	915
user_000961	916
user_000962	917
user_000963	918
user_000964	919
user_000965	920
user_000966	921
user_000967	922
user_000968	923
user_000969	924
user_000970	925
user_000971	926
user_000972	927
user_000973	928
user_000974	929
user_000975	930
user_000976	931
user_000977	932
user_000978	933
user_000979	934
user_000980	935
user_000981	936
user_000983	937
user_000984	938
user_000985	939
user_000986	940
user_000987	941
user_000989	942
user_000990	943
user_000991	944
user_000992	945
user_000993	946
user_000994	947
user_000995	948
user_000996	949
user_000997	950
user_000998	951
user_000999	952
user_001000	953
