1	0
2	1
3	2
4	3
5	4
6	5
7	6
8	7
9	8
10	9
11	10
12	11
13	12
14	13
15	14
16	15
17	16
18	17
19	18
20	19
21	20
22	21
23	22
24	23
25	24
26	25
27	26
28	27
29	28
30	29
31	30
32	31
33	32
34	33
35	34
36	35
37	36
38	37
39	38
40	39
41	40
42	41
43	42
44	43
45	44
46	45
47	46
48	47
49	48
50	49
52	50
53	51
54	52
55	53
56	54
57	55
58	56
59	57
60	58
61	59
62	60
63	61
64	62
65	63
66	64
67	65
68	66
69	67
70	68
71	69
72	70
73	71
74	72
75	73
76	74
77	75
78	76
79	77
80	78
81	79
82	80
83	81
84	82
85	83
86	84
87	85
88	86
89	87
90	88
92	89
93	90
94	91
95	92
96	93
97	94
98	95
99	96
100	97
101	98
102	99
103	100
104	101
105	102
106	103
107	104
108	105
110	106
111	107
112	108
113	109
114	110
116	111
117	112
118	113
119	114
120	115
121	116
122	117
123	118
124	119
125	120
126	121
127	122
128	123
129	124
130	125
131	126
132	127
133	128
135	129
136	130
137	131
138	132
139	133
140	134
141	135
142	136
144	137
145	138
146	139
147	140
148	141
149	142
150	143
151	144
152	145
153	146
154	147
155	148
156	149
157	150
158	151
159	152
160	153
161	154
162	155
163	156
164	157
165	158
166	159
167	160
168	161
169	162
170	163
171	164
172	165
173	166
174	167
175	168
176	169
177	170
178	171
179	172
180	173
181	174
182	175
183	176
184	177
185	178
186	179
187	180
188	181
189	182
190	183
191	184
192	185
193	186
194	187
195	188
196	189
197	190
198	191
199	192
200	193
201	194
202	195
203	196
204	197
205	198
206	199
207	200
208	201
209	202
210	203
211	204
212	205
213	206
214	207
215	208
216	209
217	210
218	211
219	212
220	213
222	214
223	215
224	216
225	217
226	218
227	219
228	220
229	221
230	222
231	223
232	224
233	225
234	226
235	227
236	228
237	229
238	230
239	231
240	232
241	233
242	234
243	235
244	236
245	237
246	238
247	239
248	240
249	241
250	242
251	243
252	244
253	245
254	246
255	247
256	248
257	249
258	250
259	251
260	252
261	253
262	254
263	255
264	256
265	257
266	258
267	259
268	260
269	261
270	262
271	263
272	264
273	265
274	266
275	267
276	268
277	269
278	270
279	271
280	272
281	273
282	274
283	275
286	276
287	277
288	278
289	279
290	280
291	281
292	282
293	283
294	284
295	285
296	286
297	287
298	288
299	289
300	290
301	291
302	292
303	293
304	294
305	295
306	296
307	297
308	298
309	299
310	300
311	301
312	302
313	303
314	304
315	305
316	306
317	307
318	308
319	309
320	310
321	311
322	312
324	313
325	314
326	315
327	316
328	317
329	318
330	319
331	320
332	321
333	322
334	323
335	324
336	325
337	326
338	327
339	328
340	329
341	330
342	331
343	332
344	333
345	334
346	335
347	336
348	337
349	338
350	339
351	340
352	341
353	342
354	343
355	344
356	345
357	346
358	347
359	348
360	349
361	350
362	351
363	352
364	353
365	354
366	355
367	356
368	357
369	358
370	359
371	360
372	361
373	362
374	363
375	364
376	365
377	366
378	367
379	368
380	369
381	370
382	371
383	372
384	373
385	374
386	375
387	376
388	377
389	378
390	379
391	380
392	381
393	382
394	383
397	384
398	385
401	386
402	387
404	388
405	389
406	390
407	391
408	392
409	393
410	394
411	395
412	396
413	397
414	398
415	399
416	400
417	401
418	402
419	403
420	404
421	405
422	406
423	407
424	408
425	409
426	410
427	411
428	412
429	413
430	414
431	415
432	416
433	417
434	418
435	419
436	420
437	421
438	422
439	423
440	424
441	425
442	426
443	427
444	428
445	429
446	430
447	431
448	432
449	433
450	434
451	435
452	436
453	437
454	438
455	439
456	440
457	441
458	442
459	443
460	444
461	445
462	446
463	447
464	448
465	449
466	450
467	451
468	452
469	453
470	454
471	455
472	456
473	457
474	458
475	459
476	460
477	461
478	462
479	463
480	464
481	465
482	466
483	467
484	468
485	469
486	470
487	471
488	472
489	473
490	474
491	475
492	476
493	477
494	478
495	479
496	480
497	481
498	482
499	483
500	484
501	485
502	486
503	487
504	488
505	489
506	490
507	491
508	492
509	493
510	494
511	495
512	496
513	497
514	498
515	499
516	500
517	501
518	502
519	503
520	504
521	505
522	506
523	507
524	508
525	509
526	510
527	511
528	512
529	513
530	514
531	515
532	516
533	517
534	518
535	519
536	520
537	521
538	522
539	523
540	524
541	525
542	526
543	527
544	528
545	529
546	530
547	531
548	532
549	533
550	534
551	535
552	536
553	537
554	538
555	539
556	540
557	541
558	542
559	543
560	544
561	545
562	546
563	547
564	548
565	549
566	550
567	551
568	552
569	553
570	554
571	555
573	556
574	557
575	558
577	559
578	560
579	561
580	562
581	563
582	564
583	565
585	566
586	567
587	568
588	569
589	570
590	571
591	572
592	573
593	574
594	575
595	576
596	577
597	578
598	579
599	580
600	581
601	582
602	583
603	584
605	585
606	586
607	587
608	588
609	589
610	590
611	591
612	592
613	593
614	594
615	595
616	596
617	597
618	598
619	599
621	600
623	601
624	602
626	603
627	604
628	605
630	606
631	607
632	608
633	609
634	610
635	611
637	612
638	613
639	614
640	615
641	616
642	617
643	618
644	619
645	620
647	621
648	622
649	623
650	624
652	625
653	626
655	627
656	628
657	629
659	630
661	631
662	632
663	633
664	634
665	635
666	636
667	637
668	638
669	639
670	640
671	641
672	642
673	643
674	644
678	645
680	646
681	647
682	648
684	649
685	650
687	651
688	652
690	653
691	654
692	655
694	656
695	657
696	658
697	659
698	660
700	661
702	662
703	663
704	664
705	665
707	666
708	667
709	668
710	669
711	670
712	671
714	672
715	673
716	674
718	675
719	676
720	677
722	678
724	679
725	680
726	681
728	682
729	683
730	684
731	685
732	686
733	687
734	688
735	689
736	690
737	691
741	692
742	693
743	694
744	695
745	696
746	697
747	698
748	699
749	700
750	701
751	702
753	703
754	704
755	705
756	706
757	707
758	708
759	709
760	710
761	711
762	712
764	713
765	714
766	715
767	716
769	717
771	718
775	719
776	720
778	721
779	722
780	723
781	724
782	725
783	726
784	727
785	728
786	729
787	730
788	731
789	732
790	733
791	734
793	735
796	736
798	737
799	738
800	739
801	740
802	741
803	742
804	743
805	744
806	745
807	746
808	747
809	748
810	749
811	750
813	751
815	752
818	753
820	754
821	755
823	756
824	757
826	758
827	759
828	760
829	761
830	762
831	763
832	764
833	765
834	766
835	767
836	768
837	769
838	770
839	771
840	772
841	773
842	774
844	775
846	776
847	777
848	778
849	779
850	780
851	781
852	782
853	783
854	784
858	785
860	786
861	787
862	788
863	789
864	790
865	791
866	792
867	793
868	794
869	795
870	796
872	797
874	798
875	799
876	800
877	801
878	802
879	803
880	804
881	805
882	806
885	807
886	808
887	809
888	810
889	811
891	812
892	813
893	814
895	815
896	816
897	817
898	818
899	819
900	820
901	821
902	822
903	823
904	824
905	825
906	826
907	827
908	828
909	829
910	830
911	831
912	832
913	833
914	834
915	835
916	836
917	837
918	838
919	839
920	840
921	841
922	842
923	843
924	844
925	845
926	846
927	847
928	848
929	849
930	850
931	851
932	852
933	853
934	854
935	855
936	856
937	857
938	858
939	859
940	860
941	861
942	862
943	863
944	864
945	865
946	866
947	867
948	868
949	869
950	870
951	871
952	872
953	873
954	874
955	875
956	876
957	877
958	878
959	879
960	880
961	881
962	882
963	883
964	884
965	885
966	886
967	887
968	888
969	889
970	890
971	891
972	892
973	893
974	894
975	895
976	896
977	897
978	898
980	899
981	900
982	901
984	902
985	903
986	904
987	905
988	906
990	907
991	908
992	909
993	910
994	911
996	912
997	913
998	914
999	915
1000	916
1002	917
1003	918
1004	919
1005	920
1006	921
1007	922
1008	923
1009	924
1010	925
1011	926
1012	927
1013	928
1014	929
1015	930
1016	931
1017	932
1018	933
1019	934
1020	935
1021	936
1022	937
1023	938
1024	939
1025	940
1026	941
1027	942
1028	943
1029	944
1030	945
1031	946
1032	947
1033	948
1034	949
1035	950
1036	951
1037	952
1038	953
1039	954
1040	955
1041	956
1042	957
1043	958
1044	959
1046	960
1047	961
1049	962
1050	963
1051	964
1053	965
1054	966
1055	967
1056	968
1057	969
1058	970
1059	971
1060	972
1061	973
1062	974
1063	975
1064	976
1066	977
1067	978
1068	979
1069	980
1070	981
1071	982
1073	983
1076	984
1077	985
1078	986
1079	987
1080	988
1081	989
1082	990
1083	991
1084	992
1085	993
1086	994
1087	995
1088	996
1089	997
1090	998
1091	999
1092	1000
1093	1001
1094	1002
1095	1003
1096	1004
1097	1005
1098	1006
1099	1007
1100	1008
1101	1009
1102	1010
1103	1011
1104	1012
1105	1013
1107	1014
1111	1015
1112	1016
1113	1017
1114	1018
1116	1019
1117	1020
1119	1021
1120	1022
1121	1023
1123	1024
1124	1025
1125	1026
1126	1027
1127	1028
1128	1029
1129	1030
1130	1031
1131	1032
1132	1033
1133	1034
1134	1035
1135	1036
1136	1037
1138	1038
1139	1039
1142	1040
1144	1041
1145	1042
1147	1043
1148	1044
1149	1045
1150	1046
1151	1047
1152	1048
1153	1049
1154	1050
1160	1051
1161	1052
1162	1053
1163	1054
1164	1055
1165	1056
1167	1057
1168	1058
1169	1059
1170	1060
1171	1061
1172	1062
1173	1063
1174	1064
1175	1065
1176	1066
1177	1067
1178	1068
1179	1069
1180	1070
1181	1071
1183	1072
1184	1073
1185	1074
1186	1075
1187	1076
1188	1077
1189	1078
1190	1079
1191	1080
1192	1081
1193	1082
1194	1083
1196	1084
1197	1085
1198	1086
1199	1087
1200	1088
1201	1089
1202	1090
1203	1091
1204	1092
1205	1093
1206	1094
1207	1095
1208	1096
1209	1097
1210	1098
1211	1099
1212	1100
1213	1101
1214	1102
1215	1103
1216	1104
1217	1105
1218	1106
1219	1107
1220	1108
1221	1109
1222	1110
1223	1111
1224	1112
1225	1113
1226	1114
1227	1115
1228	1116
1230	1117
1231	1118
1232	1119
1233	1120
1234	1121
1235	1122
1236	1123
1237	1124
1238	1125
1240	1126
1241	1127
1242	1128
1243	1129
1244	1130
1245	1131
1246	1132
1247	1133
1248	1134
1249	1135
1250	1136
1251	1137
1252	1138
1253	1139
1254	1140
1255	1141
1256	1142
1257	1143
1258	1144
1259	1145
1260	1146
1261	1147
1262	1148
1263	1149
1264	1150
1265	1151
1266	1152
1267	1153
1268	1154
1269	1155
1270	1156
1271	1157
1272	1158
1273	1159
1274	1160
1275	1161
1276	1162
1277	1163
1278	1164
1279	1165
1280	1166
1281	1167
1282	1168
1283	1169
1284	1170
1285	1171
1286	1172
1287	1173
1288	1174
1289	1175
1290	1176
1291	1177
1292	1178
1293	1179
1294	1180
1295	1181
1296	1182
1297	1183
1298	1184
1299	1185
1300	1186
1301	1187
1302	1188
1303	1189
1304	1190
1305	1191
1306	1192
1307	1193
1310	1194
1311	1195
1312	1196
1313	1197
1315	1198
1316	1199
1317	1200
1320	1201
1321	1202
1322	1203
1323	1204
1324	1205
1325	1206
1326	1207
1327	1208
1328	1209
1329	1210
1330	1211
1331	1212
1332	1213
1333	1214
1334	1215
1335	1216
1336	1217
1337	1218
1339	1219
1340	1220
1341	1221
1342	1222
1343	1223
1344	1224
1345	1225
1346	1226
1347	1227
1348	1228
1349	1229
1350	1230
1351	1231
1352	1232
1353	1233
1354	1234
1355	1235
1356	1236
1357	1237
1358	1238
1359	1239
1360	1240
1361	1241
1362	1242
1363	1243
1365	1244
1366	1245
1367	1246
1369	1247
1370	1248
1371	1249
1372	1250
1373	1251
1374	1252
1375	1253
1376	1254
1377	1255
1378	1256
1379	1257
1380	1258
1381	1259
1382	1260
1383	1261
1384	1262
1385	1263
1386	1264
1387	1265
1388	1266
1389	1267
1390	1268
1391	1269
1392	1270
1393	1271
1394	1272
1395	1273
1396	1274
1397	1275
1398	1276
1399	1277
1401	1278
1404	1279
1405	1280
1406	1281
1407	1282
1408	1283
1409	1284
1410	1285
1411	1286
1412	1287
1413	1288
1414	1289
1415	1290
1416	1291
1417	1292
1419	1293
1420	1294
1421	1295
1422	1296
1423	1297
1425	1298
1426	1299
1427	1300
1428	1301
1429	1302
1431	1303
1432	1304
1433	1305
1434	1306
1436	1307
1437	1308
1438	1309
1439	1310
1440	1311
1441	1312
1442	1313
1444	1314
1445	1315
1446	1316
1447	1317
1449	1318
1450	1319
1453	1320
1454	1321
1455	1322
1456	1323
1457	1324
1458	1325
1459	1326
1460	1327
1461	1328
1463	1329
1464	1330
1465	1331
1466	1332
1468	1333
1470	1334
1471	1335
1472	1336
1473	1337
1474	1338
1475	1339
1476	1340
1477	1341
1479	1342
1480	1343
1482	1344
1483	1345
1484	1346
1485	1347
1486	1348
1487	1349
1488	1350
1489	1351
1490	1352
1493	1353
1494	1354
1495	1355
1496	1356
1497	1357
1498	1358
1499	1359
1500	1360
1501	1361
1502	1362
1503	1363
1504	1364
1507	1365
1508	1366
1509	1367
1511	1368
1513	1369
1514	1370
1515	1371
1516	1372
1517	1373
1518	1374
1519	1375
1520	1376
1522	1377
1523	1378
1525	1379
1526	1380
1527	1381
1528	1382
1529	1383
1531	1384
1532	1385
1533	1386
1534	1387
1535	1388
1537	1389
1538	1390
1539	1391
1541	1392
1542	1393
1543	1394
1544	1395
1545	1396
1546	1397
1547	1398
1549	1399
1550	1400
1551	1401
1552	1402
1553	1403
1554	1404
1555	1405
1556	1406
1558	1407
1561	1408
1562	1409
1563	1410
1564	1411
1565	1412
1566	1413
1567	1414
1569	1415
1570	1416
1571	1417
1572	1418
1573	1419
1574	1420
1575	1421
1579	1422
1580	1423
1581	1424
1582	1425
1583	1426
1584	1427
1585	1428
1586	1429
1587	1430
1588	1431
1589	1432
1590	1433
1591	1434
1592	1435
1593	1436
1594	1437
1595	1438
1596	1439
1597	1440
1598	1441
1599	1442
1600	1443
1601	1444
1602	1445
1603	1446
1604	1447
1605	1448
1606	1449
1608	1450
1609	1451
1610	1452
1611	1453
1612	1454
1613	1455
1614	1456
1615	1457
1616	1458
1617	1459
1619	1460
1620	1461
1621	1462
1622	1463
1623	1464
1624	1465
1625	1466
1626	1467
1627	1468
1629	1469
1631	1470
1632	1471
1633	1472
1635	1473
1636	1474
1639	1475
1640	1476
1641	1477
1642	1478
1643	1479
1644	1480
1645	1481
1646	1482
1647	1483
1648	1484
1649	1485
1650	1486
1651	1487
1652	1488
1653	1489
1654	1490
1655	1491
1656	1492
1657	1493
1658	1494
1659	1495
1660	1496
1661	1497
1662	1498
1663	1499
1664	1500
1665	1501
1666	1502
1667	1503
1668	1504
1669	1505
1670	1506
1671	1507
1672	1508
1673	1509
1674	1510
1675	1511
1676	1512
1677	1513
1678	1514
1679	1515
1680	1516
1681	1517
1682	1518
1683	1519
1684	1520
1685	1521
1686	1522
1687	1523
1688	1524
1689	1525
1690	1526
1692	1527
1693	1528
1694	1529
1695	1530
1696	1531
1699	1532
1701	1533
1702	1534
1703	1535
1704	1536
1707	1537
1709	1538
1711	1539
1713	1540
1715	1541
1717	1542
1718	1543
1719	1544
1720	1545
1721	1546
1722	1547
1724	1548
1725	1549
1726	1550
1727	1551
1728	1552
1729	1553
1730	1554
1731	1555
1732	1556
1733	1557
1734	1558
1735	1559
1739	1560
1741	1561
1743	1562
1744	1563
1746	1564
1747	1565
1748	1566
1749	1567
1750	1568
1752	1569
1753	1570
1754	1571
1755	1572
1756	1573
1758	1574
1759	1575
1760	1576
1762	1577
1764	1578
1767	1579
1769	1580
1770	1581
1771	1582
1772	1583
1773	1584
1777	1585
1779	1586
1780	1587
1782	1588
1783	1589
1784	1590
1785	1591
1787	1592
1788	1593
1791	1594
1792	1595
1793	1596
1794	1597
1795	1598
1796	1599
1797	1600
1798	1601
1799	1602
1801	1603
1804	1604
1805	1605
1806	1606
1807	1607
1809	1608
1810	1609
1811	1610
1812	1611
1814	1612
1815	1613
1816	1614
1817	1615
1821	1616
1822	1617
1824	1618
1825	1619
1826	1620
1827	1621
1829	1622
1830	1623
1831	1624
1832	1625
1833	1626
1834	1627
1835	1628
1836	1629
1837	1630
1839	1631
1840	1632
1841	1633
1842	1634
1843	1635
1844	1636
1845	1637
1846	1638
1848	1639
1849	1640
1850	1641
1851	1642
1852	1643
1853	1644
1854	1645
1855	1646
1856	1647
1857	1648
1858	1649
1859	1650
1860	1651
1861	1652
1862	1653
1863	1654
1864	1655
1865	1656
1866	1657
1867	1658
1868	1659
1869	1660
1870	1661
1871	1662
1872	1663
1873	1664
1874	1665
1875	1666
1876	1667
1877	1668
1878	1669
1879	1670
1880	1671
1881	1672
1882	1673
1883	1674
1884	1675
1885	1676
1886	1677
1887	1678
1888	1679
1889	1680
1890	1681
1891	1682
1892	1683
1893	1684
1894	1685
1895	1686
1896	1687
1897	1688
1898	1689
1899	1690
1900	1691
1901	1692
1902	1693
1903	1694
1904	1695
1905	1696
1906	1697
1907	1698
1909	1699
1910	1700
1911	1701
1912	1702
1913	1703
1914	1704
1915	1705
1916	1706
1917	1707
1918	1708
1919	1709
1920	1710
1921	1711
1922	1712
1923	1713
1924	1714
1925	1715
1926	1716
1927	1717
1928	1718
1929	1719
1930	1720
1931	1721
1932	1722
1933	1723
1934	1724
1935	1725
1936	1726
1937	1727
1938	1728
1939	1729
1940	1730
1941	1731
1942	1732
1943	1733
1944	1734
1945	1735
1946	1736
1947	1737
1948	1738
1949	1739
1950	1740
1951	1741
1952	1742
1953	1743
1954	1744
1955	1745
1956	1746
1957	1747
1958	1748
1959	1749
1960	1750
1961	1751
1962	1752
1963	1753
1964	1754
1965	1755
1966	1756
1967	1757
1968	1758
1969	1759
1970	1760
1971	1761
1972	1762
1973	1763
1974	1764
1975	1765
1976	1766
1977	1767
1978	1768
1979	1769
1980	1770
1981	1771
1982	1772
1983	1773
1984	1774
1985	1775
1986	1776
1987	1777
1988	1778
1989	1779
1990	1780
1991	1781
1992	1782
1993	1783
1994	1784
1995	1785
1996	1786
1997	1787
1998	1788
1999	1789
2000	1790
2001	1791
2002	1792
2003	1793
2004	1794
2005	1795
2006	1796
2007	1797
2008	1798
2009	1799
2010	1800
2011	1801
2012	1802
2013	1803
2014	1804
2015	1805
2016	1806
2017	1807
2018	1808
2019	1809
2020	1810
2021	1811
2022	1812
2023	1813
2024	1814
2025	1815
2026	1816
2027	1817
2028	1818
2029	1819
2031	1820
2032	1821
2033	1822
2034	1823
2035	1824
2036	1825
2037	1826
2038	1827
2039	1828
2040	1829
2041	1830
2042	1831
2043	1832
2044	1833
2045	1834
2046	1835
2047	1836
2048	1837
2049	1838
2050	1839
2051	1840
2052	1841
2053	1842
2054	1843
2055	1844
2056	1845
2057	1846
2058	1847
2059	1848
2060	1849
2061	1850
2062	1851
2063	1852
2064	1853
2065	1854
2066	1855
2067	1856
2068	1857
2069	1858
2070	1859
2071	1860
2072	1861
2073	1862
2074	1863
2075	1864
2076	1865
2077	1866
2078	1867
2079	1868
2080	1869
2081	1870
2082	1871
2083	1872
2084	1873
2085	1874
2086	1875
2087	1876
2088	1877
2089	1878
2090	1879
2091	1880
2092	1881
2093	1882
2094	1883
2095	1884
2096	1885
2097	1886
2098	1887
2099	1888
2100	1889
2101	1890
2102	1891
2103	1892
2104	1893
2105	1894
2106	1895
2107	1896
2108	1897
2109	1898
2110	1899
2111	1900
2112	1901
2113	1902
2114	1903
2115	1904
2116	1905
2117	1906
2118	1907
2119	1908
2120	1909
2121	1910
2122	1911
2123	1912
2124	1913
2125	1914
2126	1915
2127	1916
2128	1917
2129	1918
2130	1919
2131	1920
2132	1921
2133	1922
2134	1923
2135	1924
2136	1925
2137	1926
2138	1927
2139	1928
2140	1929
2141	1930
2142	1931
2143	1932
2144	1933
2145	1934
2146	1935
2147	1936
2148	1937
2149	1938
2150	1939
2151	1940
2152	1941
2153	1942
2154	1943
2155	1944
2156	1945
2157	1946
2158	1947
2159	1948
2160	1949
2161	1950
2162	1951
2163	1952
2164	1953
2165	1954
2166	1955
2167	1956
2168	1957
2169	1958
2170	1959
2171	1960
2172	1961
2173	1962
2174	1963
2175	1964
2176	1965
2177	1966
2178	1967
2179	1968
2180	1969
2181	1970
2182	1971
2183	1972
2184	1973
2185	1974
2186	1975
2187	1976
2188	1977
2189	1978
2190	1979
2191	1980
2192	1981
2193	1982
2194	1983
2195	1984
2196	1985
2197	1986
2198	1987
2200	1988
2201	1989
2202	1990
2203	1991
2204	1992
2205	1993
2206	1994
2207	1995
2208	1996
2209	1997
2210	1998
2211	1999
2212	2000
2213	2001
2215	2002
2217	2003
2219	2004
2221	2005
2223	2006
2227	2007
2231	2008
2232	2009
2233	2010
2234	2011
2235	2012
2236	2013
2237	2014
2238	2015
2239	2016
2240	2017
2241	2018
2242	2019
2243	2020
2244	2021
2245	2022
2246	2023
2247	2024
2248	2025
2249	2026
2250	2027
2251	2028
2252	2029
2253	2030
2255	2031
2256	2032
2257	2033
2258	2034
2259	2035
2260	2036
2261	2037
2262	2038
2263	2039
2264	2040
2265	2041
2266	2042
2267	2043
2268	2044
2269	2045
2271	2046
2272	2047
2273	2048
2275	2049
2276	2050
2278	2051
2279	2052
2280	2053
2281	2054
2282	2055
2283	2056
2284	2057
2285	2058
2286	2059
2287	2060
2288	2061
2289	2062
2290	2063
2291	2064
2292	2065
2293	2066
2294	2067
2295	2068
2296	2069
2297	2070
2298	2071
2299	2072
2300	2073
2301	2074
2302	2075
2303	2076
2304	2077
2305	2078
2306	2079
2307	2080
2308	2081
2309	2082
2310	2083
2311	2084
2312	2085
2313	2086
2314	2087
2315	2088
2316	2089
2317	2090
2318	2091
2320	2092
2321	2093
2322	2094
2323	2095
2324	2096
2325	2097
2326	2098
2327	2099
2328	2100
2329	2101
2330	2102
2331	2103
2332	2104
2333	2105
2334	2106
2335	2107
2336	2108
2337	2109
2338	2110
2339	2111
2340	2112
2341	2113
2342	2114
2343	2115
2344	2116
2345	2117
2346	2118
2347	2119
2348	2120
2349	2121
2350	2122
2351	2123
2352	2124
2353	2125
2354	2126
2355	2127
2356	2128
2357	2129
2358	2130
2359	2131
2360	2132
2361	2133
2362	2134
2363	2135
2364	2136
2365	2137
2366	2138
2367	2139
2368	2140
2369	2141
2370	2142
2371	2143
2372	2144
2373	2145
2374	2146
2375	2147
2376	2148
2377	2149
2378	2150
2379	2151
2380	2152
2381	2153
2382	2154
2383	2155
2384	2156
2385	2157
2386	2158
2387	2159
2388	2160
2389	2161
2390	2162
2391	2163
2392	2164
2393	2165
2394	2166
2395	2167
2396	2168
2397	2169
2398	2170
2399	2171
2400	2172
2401	2173
2402	2174
2403	2175
2404	2176
2405	2177
2406	2178
2407	2179
2408	2180
2409	2181
2410	2182
2411	2183
2412	2184
2413	2185
2414	2186
2415	2187
2416	2188
2417	2189
2418	2190
2419	2191
2420	2192
2421	2193
2422	2194
2423	2195
2424	2196
2425	2197
2426	2198
2427	2199
2428	2200
2429	2201
2430	2202
2431	2203
2432	2204
2433	2205
2434	2206
2435	2207
2436	2208
2437	2209
2438	2210
2439	2211
2440	2212
2441	2213
2442	2214
2443	2215
2444	2216
2445	2217
2446	2218
2447	2219
2448	2220
2449	2221
2450	2222
2451	2223
2452	2224
2453	2225
2454	2226
2455	2227
2456	2228
2457	2229
2458	2230
2459	2231
2460	2232
2461	2233
2462	2234
2463	2235
2464	2236
2465	2237
2466	2238
2467	2239
2468	2240
2469	2241
2470	2242
2471	2243
2472	2244
2473	2245
2474	2246
2475	2247
2476	2248
2477	2249
2478	2250
2479	2251
2480	2252
2481	2253
2482	2254
2483	2255
2484	2256
2485	2257
2486	2258
2487	2259
2488	2260
2490	2261
2491	2262
2492	2263
2493	2264
2494	2265
2495	2266
2496	2267
2497	2268
2498	2269
2499	2270
2500	2271
2501	2272
2502	2273
2503	2274
2504	2275
2505	2276
2506	2277
2507	2278
2509	2279
2511	2280
2512	2281
2513	2282
2514	2283
2515	2284
2516	2285
2517	2286
2518	2287
2519	2288
2520	2289
2521	2290
2522	2291
2523	2292
2524	2293
2525	2294
2526	2295
2527	2296
2528	2297
2529	2298
2530	2299
2531	2300
2532	2301
2533	2302
2534	2303
2535	2304
2536	2305
2537	2306
2538	2307
2539	2308
2540	2309
2541	2310
2542	2311
2543	2312
2544	2313
2545	2314
2546	2315
2548	2316
2549	2317
2550	2318
2551	2319
2552	2320
2553	2321
2554	2322
2555	2323
2556	2324
2557	2325
2558	2326
2559	2327
2560	2328
2561	2329
2562	2330
2563	2331
2565	2332
2566	2333
2567	2334
2568	2335
2569	2336
2570	2337
2571	2338
2572	2339
2573	2340
2574	2341
2575	2342
2576	2343
2577	2344
2578	2345
2579	2346
2580	2347
2581	2348
2582	2349
2583	2350
2584	2351
2585	2352
2586	2353
2587	2354
2589	2355
2590	2356
2591	2357
2593	2358
2594	2359
2596	2360
2597	2361
2598	2362
2599	2363
2600	2364
2602	2365
2605	2366
2606	2367
2607	2368
2608	2369
2609	2370
2610	2371
2611	2372
2612	2373
2613	2374
2614	2375
2615	2376
2616	2377
2617	2378
2618	2379
2619	2380
2620	2381
2621	2382
2622	2383
2623	2384
2624	2385
2625	2386
2626	2387
2627	2388
2628	2389
2629	2390
2630	2391
2631	2392
2632	2393
2633	2394
2634	2395
2635	2396
2636	2397
2637	2398
2638	2399
2639	2400
2640	2401
2641	2402
2642	2403
2643	2404
2644	2405
2645	2406
2646	2407
2647	2408
2648	2409
2649	2410
2650	2411
2651	2412
2652	2413
2653	2414
2654	2415
2655	2416
2656	2417
2657	2418
2658	2419
2659	2420
2660	2421
2661	2422
2662	2423
2663	2424
2664	2425
2665	2426
2666	2427
2667	2428
2668	2429
2669	2430
2670	2431
2671	2432
2672	2433
2673	2434
2674	2435
2675	2436
2676	2437
2677	2438
2678	2439
2679	2440
2681	2441
2682	2442
2683	2443
2685	2444
2686	2445
2687	2446
2688	2447
2689	2448
2690	2449
2691	2450
2692	2451
2693	2452
2694	2453
2695	2454
2696	2455
2697	2456
2699	2457
2700	2458
2701	2459
2702	2460
2704	2461
2705	2462
2706	2463
2707	2464
2708	2465
2709	2466
2710	2467
2711	2468
2712	2469
2713	2470
2714	2471
2715	2472
2716	2473
2717	2474
2718	2475
2719	2476
2720	2477
2721	2478
2722	2479
2723	2480
2724	2481
2725	2482
2726	2483
2727	2484
2728	2485
2729	2486
2730	2487
2731	2488
2732	2489
2733	2490
2734	2491
2735	2492
2736	2493
2737	2494
2738	2495
2739	2496
2740	2497
2741	2498
2742	2499
2743	2500
2744	2501
2745	2502
2746	2503
2747	2504
2748	2505
2749	2506
2750	2507
2751	2508
2752	2509
2753	2510
2754	2511
2755	2512
2756	2513
2757	2514
2758	2515
2759	2516
2760	2517
2761	2518
2762	2519
2763	2520
2764	2521
2765	2522
2766	2523
2767	2524
2768	2525
2769	2526
2770	2527
2771	2528
2772	2529
2773	2530
2774	2531
2775	2532
2776	2533
2777	2534
2778	2535
2779	2536
2780	2537
2781	2538
2782	2539
2783	2540
2784	2541
2785	2542
2786	2543
2787	2544
2788	2545
2789	2546
2790	2547
2791	2548
2792	2549
2793	2550
2794	2551
2795	2552
2796	2553
2797	2554
2798	2555
2799	2556
2800	2557
2801	2558
2802	2559
2803	2560
2804	2561
2805	2562
2806	2563
2807	2564
2808	2565
2809	2566
2810	2567
2811	2568
2812	2569
2813	2570
2814	2571
2815	2572
2816	2573
2817	2574
2818	2575
2819	2576
2820	2577
2821	2578
2822	2579
2823	2580
2824	2581
2825	2582
2826	2583
2827	2584
2828	2585
2829	2586
2830	2587
2831	2588
2833	2589
2834	2590
2835	2591
2836	2592
2837	2593
2839	2594
2840	2595
2841	2596
2842	2597
2843	2598
2844	2599
2845	2600
2846	2601
2847	2602
2848	2603
2849	2604
2850	2605
2851	2606
2852	2607
2853	2608
2854	2609
2855	2610
2856	2611
2857	2612
2858	2613
2859	2614
2860	2615
2861	2616
2862	2617
2863	2618
2864	2619
2865	2620
2866	2621
2867	2622
2868	2623
2869	2624
2870	2625
2871	2626
2872	2627
2873	2628
2874	2629
2875	2630
2876	2631
2877	2632
2878	2633
2879	2634
2880	2635
2881	2636
2882	2637
2883	2638
2884	2639
2885	2640
2886	2641
2887	2642
2888	2643
2889	2644
2890	2645
2891	2646
2892	2647
2893	2648
2894	2649
2895	2650
2896	2651
2897	2652
2898	2653
2899	2654
2900	2655
2901	2656
2902	2657
2903	2658
2904	2659
2905	2660
2906	2661
2907	2662
2908	2663
2909	2664
2911	2665
2912	2666
2913	2667
2914	2668
2915	2669
2916	2670
2917	2671
2918	2672
2919	2673
2920	2674
2921	2675
2922	2676
2923	2677
2924	2678
2925	2679
2926	2680
2927	2681
2928	2682
2929	2683
2930	2684
2931	2685
2932	2686
2933	2687
2934	2688
2935	2689
2936	2690
2937	2691
2938	2692
2939	2693
2940	2694
2941	2695
2942	2696
2943	2697
2944	2698
2945	2699
2946	2700
2947	2701
2948	2702
2949	2703
2950	2704
2951	2705
2952	2706
2953	2707
2955	2708
2956	2709
2959	2710
2960	2711
2961	2712
2962	2713
2963	2714
2964	2715
2965	2716
2966	2717
2967	2718
2968	2719
2969	2720
2970	2721
2971	2722
2972	2723
2973	2724
2974	2725
2975	2726
2976	2727
2977	2728
2978	2729
2979	2730
2981	2731
2982	2732
2983	2733
2984	2734
2985	2735
2986	2736
2987	2737
2988	2738
2989	2739
2990	2740
2991	2741
2992	2742
2993	2743
2994	2744
2995	2745
2996	2746
2997	2747
2998	2748
2999	2749
3000	2750
3001	2751
3002	2752
3003	2753
3004	2754
3005	2755
3006	2756
3007	2757
3008	2758
3010	2759
3011	2760
3012	2761
3013	2762
3014	2763
3015	2764
3016	2765
3017	2766
3018	2767
3019	2768
3020	2769
3021	2770
3022	2771
3024	2772
3025	2773
3026	2774
3027	2775
3028	2776
3029	2777
3030	2778
3031	2779
3032	2780
3033	2781
3034	2782
3035	2783
3036	2784
3037	2785
3038	2786
3039	2787
3040	2788
3041	2789
3042	2790
3043	2791
3044	2792
3045	2793
3046	2794
3047	2795
3048	2796
3049	2797
3050	2798
3051	2799
3052	2800
3053	2801
3054	2802
3055	2803
3056	2804
3058	2805
3060	2806
3061	2807
3062	2808
3063	2809
3064	2810
3066	2811
3067	2812
3068	2813
3069	2814
3070	2815
3071	2816
3072	2817
3073	2818
3074	2819
3075	2820
3076	2821
3077	2822
3078	2823
3079	2824
3081	2825
3082	2826
3083	2827
3084	2828
3085	2829
3086	2830
3087	2831
3088	2832
3089	2833
3090	2834
3091	2835
3092	2836
3093	2837
3094	2838
3095	2839
3096	2840
3097	2841
3098	2842
3099	2843
3100	2844
3101	2845
3102	2846
3103	2847
3104	2848
3105	2849
3106	2850
3107	2851
3108	2852
3109	2853
3110	2854
3111	2855
3112	2856
3113	2857
3114	2858
3115	2859
3116	2860
3117	2861
3118	2862
3119	2863
3120	2864
3121	2865
3122	2866
3123	2867
3124	2868
3125	2869
3126	2870
3127	2871
3128	2872
3129	2873
3130	2874
3131	2875
3132	2876
3133	2877
3134	2878
3135	2879
3136	2880
3137	2881
3138	2882
3139	2883
3140	2884
3141	2885
3142	2886
3143	2887
3144	2888
3145	2889
3146	2890
3147	2891
3148	2892
3149	2893
3150	2894
3151	2895
3152	2896
3153	2897
3154	2898
3155	2899
3156	2900
3157	2901
3158	2902
3159	2903
3160	2904
3161	2905
3162	2906
3163	2907
3164	2908
3165	2909
3166	2910
3167	2911
3168	2912
3169	2913
3171	2914
3172	2915
3173	2916
3174	2917
3175	2918
3176	2919
3177	2920
3178	2921
3179	2922
3180	2923
3181	2924
3182	2925
3183	2926
3185	2927
3186	2928
3187	2929
3188	2930
3189	2931
3190	2932
3192	2933
3194	2934
3196	2935
3197	2936
3198	2937
3199	2938
3200	2939
3201	2940
3202	2941
3203	2942
3204	2943
3205	2944
3206	2945
3207	2946
3208	2947
3209	2948
3210	2949
3211	2950
3212	2951
3213	2952
3214	2953
3215	2954
3216	2955
3217	2956
3218	2957
3219	2958
3220	2959
3221	2960
3222	2961
3223	2962
3224	2963
3225	2964
3228	2965
3230	2966
3232	2967
3233	2968
3235	2969
3236	2970
3237	2971
3238	2972
3239	2973
3240	2974
3241	2975
3242	2976
3243	2977
3244	2978
3245	2979
3246	2980
3247	2981
3248	2982
3249	2983
3250	2984
3251	2985
3252	2986
3253	2987
3254	2988
3255	2989
3256	2990
3257	2991
3258	2992
3259	2993
3260	2994
3261	2995
3262	2996
3263	2997
3264	2998
3265	2999
3266	3000
3267	3001
3268	3002
3269	3003
3270	3004
3271	3005
3272	3006
3273	3007
3274	3008
3275	3009
3276	3010
3277	3011
3281	3012
3282	3013
3283	3014
3284	3015
3285	3016
3286	3017
3287	3018
3288	3019
3289	3020
3290	3021
3292	3022
3293	3023
3294	3024
3295	3025
3296	3026
3297	3027
3298	3028
3299	3029
3300	3030
3301	3031
3302	3032
3303	3033
3304	3034
3305	3035
3306	3036
3307	3037
3308	3038
3309	3039
3310	3040
3311	3041
3312	3042
3313	3043
3316	3044
3317	3045
3318	3046
3319	3047
3320	3048
3322	3049
3324	3050
3325	3051
3326	3052
3327	3053
3328	3054
3329	3055
3330	3056
3331	3057
3333	3058
3334	3059
3335	3060
3337	3061
3338	3062
3339	3063
3340	3064
3341	3065
3342	3066
3343	3067
3344	3068
3345	3069
3346	3070
3347	3071
3349	3072
3350	3073
3351	3074
3352	3075
3353	3076
3354	3077
3355	3078
3357	3079
3358	3080
3359	3081
3360	3082
3361	3083
3362	3084
3363	3085
3364	3086
3365	3087
3366	3088
3367	3089
3368	3090
3370	3091
3371	3092
3372	3093
3373	3094
3374	3095
3375	3096
3376	3097
3377	3098
3378	3099
3379	3100
3380	3101
3381	3102
3384	3103
3385	3104
3386	3105
3387	3106
3388	3107
3389	3108
3390	3109
3391	3110
3392	3111
3393	3112
3394	3113
3395	3114
3396	3115
3397	3116
3398	3117
3399	3118
3400	3119
3401	3120
3402	3121
3403	3122
3404	3123
3405	3124
3406	3125
3407	3126
3408	3127
3409	3128
3410	3129
3412	3130
3413	3131
3414	3132
3415	3133
3416	3134
3417	3135
3418	3136
3419	3137
3420	3138
3421	3139
3422	3140
3423	3141
3424	3142
3425	3143
3426	3144
3427	3145
3428	3146
3429	3147
3430	3148
3431	3149
3432	3150
3433	3151
3434	3152
3435	3153
3436	3154
3437	3155
3438	3156
3439	3157
3440	3158
3441	3159
3442	3160
3443	3161
3444	3162
3445	3163
3446	3164
3447	3165
3448	3166
3449	3167
3450	3168
3451	3169
3452	3170
3453	3171
3454	3172
3456	3173
3457	3174
3458	3175
3459	3176
3460	3177
3461	3178
3462	3179
3463	3180
3464	3181
3465	3182
3466	3183
3467	3184
3468	3185
3469	3186
3470	3187
3471	3188
3472	3189
3473	3190
3474	3191
3475	3192
3476	3193
3477	3194
3478	3195
3479	3196
3480	3197
3481	3198
3482	3199
3483	3200
3484	3201
3485	3202
3486	3203
3487	3204
3488	3205
3489	3206
3490	3207
3491	3208
3492	3209
3493	3210
3494	3211
3495	3212
3496	3213
3497	3214
3498	3215
3499	3216
3500	3217
3501	3218
3502	3219
3503	3220
3504	3221
3505	3222
3506	3223
3507	3224
3508	3225
3509	3226
3510	3227
3511	3228
3512	3229
3513	3230
3514	3231
3515	3232
3516	3233
3517	3234
3518	3235
3519	3236
3520	3237
3521	3238
3522	3239
3523	3240
3524	3241
3525	3242
3526	3243
3527	3244
3528	3245
3529	3246
3530	3247
3531	3248
3532	3249
3533	3250
3534	3251
3535	3252
3536	3253
3537	3254
3538	3255
3539	3256
3540	3257
3542	3258
3543	3259
3544	3260
3545	3261
3546	3262
3547	3263
3548	3264
3549	3265
3550	3266
3551	3267
3552	3268
3553	3269
3554	3270
3555	3271
3556	3272
3557	3273
3559	3274
3562	3275
3563	3276
3564	3277
3565	3278
3566	3279
3567	3280
3568	3281
3569	3282
3570	3283
3571	3284
3572	3285
3573	3286
3574	3287
3575	3288
3576	3289
3577	3290
3578	3291
3579	3292
3580	3293
3581	3294
3584	3295
3585	3296
3586	3297
3587	3298
3588	3299
3590	3300
3591	3301
3592	3302
3593	3303
3594	3304
3595	3305
3596	3306
3597	3307
3598	3308
3599	3309
3600	3310
3601	3311
3602	3312
3603	3313
3604	3314
3605	3315
3606	3316
3607	3317
3608	3318
3609	3319
3610	3320
3611	3321
3612	3322
3613	3323
3614	3324
3615	3325
3616	3326
3617	3327
3618	3328
3619	3329
3620	3330
3621	3331
3622	3332
3623	3333
3624	3334
3625	3335
3626	3336
3627	3337
3628	3338
3629	3339
3632	3340
3633	3341
3634	3342
3635	3343
3636	3344
3637	3345
3638	3346
3639	3347
3640	3348
3641	3349
3642	3350
3643	3351
3644	3352
3645	3353
3646	3354
3647	3355
3648	3356
3649	3357
3651	3358
3652	3359
3653	3360
3654	3361
3655	3362
3657	3363
3658	3364
3659	3365
3660	3366
3661	3367
3662	3368
3663	3369
3664	3370
3665	3371
3666	3372
3667	3373
3668	3374
3669	3375
3670	3376
3671	3377
3672	3378
3673	3379
3674	3380
3675	3381
3676	3382
3677	3383
3678	3384
3679	3385
3680	3386
3681	3387
3682	3388
3683	3389
3684	3390
3685	3391
3686	3392
3687	3393
3688	3394
3689	3395
3690	3396
3691	3397
3692	3398
3693	3399
3694	3400
3695	3401
3696	3402
3697	3403
3698	3404
3699	3405
3700	3406
3701	3407
3702	3408
3703	3409
3704	3410
3705	3411
3706	3412
3707	3413
3708	3414
3709	3415
3710	3416
3711	3417
3712	3418
3713	3419
3714	3420
3715	3421
3716	3422
3717	3423
3718	3424
3719	3425
3720	3426
3721	3427
3723	3428
3724	3429
3725	3430
3726	3431
3727	3432
3728	3433
3729	3434
3730	3435
3731	3436
3732	3437
3733	3438
3734	3439
3735	3440
3736	3441
3737	3442
3738	3443
3739	3444
3740	3445
3741	3446
3742	3447
3743	3448
3744	3449
3745	3450
3746	3451
3747	3452
3748	3453
3749	3454
3751	3455
3752	3456
3753	3457
3754	3458
3755	3459
3756	3460
3757	3461
3758	3462
3759	3463
3760	3464
3761	3465
3762	3466
3763	3467
3764	3468
3765	3469
3766	3470
3767	3471
3768	3472
3769	3473
3770	3474
3771	3475
3772	3476
3773	3477
3774	3478
3775	3479
3776	3480
3777	3481
3778	3482
3779	3483
3780	3484
3781	3485
3782	3486
3783	3487
3784	3488
3785	3489
3786	3490
3787	3491
3788	3492
3789	3493
3790	3494
3791	3495
3792	3496
3793	3497
3794	3498
3795	3499
3796	3500
3797	3501
3798	3502
3799	3503
3800	3504
3801	3505
3802	3506
3803	3507
3804	3508
3805	3509
3806	3510
3807	3511
3808	3512
3809	3513
3810	3514
3811	3515
3812	3516
3813	3517
3814	3518
3816	3519
3817	3520
3818	3521
3819	3522
3820	3523
3821	3524
3822	3525
3823	3526
3824	3527
3825	3528
3826	3529
3827	3530
3828	3531
3830	3532
3831	3533
3832	3534
3833	3535
3834	3536
3835	3537
3836	3538
3837	3539
3838	3540
3839	3541
3840	3542
3841	3543
3842	3544
3843	3545
3844	3546
3845	3547
3846	3548
3847	3549
3848	3550
3849	3551
3850	3552
3851	3553
3852	3554
3853	3555
3854	3556
3855	3557
3857	3558
3858	3559
3859	3560
3860	3561
3861	3562
3862	3563
3863	3564
3864	3565
3865	3566
3866	3567
3867	3568
3868	3569
3869	3570
3870	3571
3871	3572
3872	3573
3873	3574
3874	3575
3875	3576
3876	3577
3877	3578
3878	3579
3879	3580
3880	3581
3882	3582
3883	3583
3884	3584
3885	3585
3886	3586
3887	3587
3889	3588
3891	3589
3892	3590
3893	3591
3894	3592
3895	3593
3896	3594
3897	3595
3898	3596
3899	3597
3900	3598
3901	3599
3902	3600
3903	3601
3904	3602
3905	3603
3906	3604
3908	3605
3909	3606
3910	3607
3911	3608
3912	3609
3913	3610
3914	3611
3915	3612
3916	3613
3917	3614
3918	3615
3919	3616
3920	3617
3921	3618
3922	3619
3923	3620
3924	3621
3925	3622
3926	3623
3927	3624
3928	3625
3929	3626
3930	3627
3931	3628
3932	3629
3933	3630
3934	3631
3935	3632
3936	3633
3937	3634
3938	3635
3939	3636
3940	3637
3941	3638
3942	3639
3943	3640
3944	3641
3945	3642
3946	3643
3947	3644
3948	3645
3949	3646
3950	3647
3951	3648
3952	3649
