254	0
388	1
424	2
503	3
638	4
651	5
735	6
741	7
805	8
882	9
901	10
929	11
1025	12
1131	13
1167	14
1184	15
1435	16
1548	17
1674	18
1733	19
1848	20
1903	21
1928	22
2012	23
2033	24
2090	25
2179	26
2276	27
2288	28
2313	29
2337	30
2358	31
2766	32
2790	33
2793	34
2977	35
3145	36
3167	37
3282	38
3331	39
3346	40
3363	41
3371	42
3373	43
3556	44
3719	45
3827	46
3840	47
3917	48
4017	49
4092	50
4157	51
4334	52
4385	53
4622	54
4785	55
4795	56
4938	57
5037	58
5439	59
5483	60
5499	61
5539	62
5543	63
5582	64
5609	65
5728	66
5903	67
6073	68
6238	69
6251	70
6323	71
6333	72
6345	73
6431	74
6537	75
6543	76
6563	77
6577	78
6611	79
6662	80
6671	81
6769	82
6866	83
6900	84
7125	85
7128	86
7134	87
7158	88
7283	89
7286	90
7312	91
7346	92
7352	93
7371	94
7569	95
7620	96
7887	97
7958	98
8067	99
8234	100
8245	101
8250	102
8253	103
8284	104
8313	105
8314	106
8323	107
8362	108
8487	109
8672	110
8681	111
8801	112
8864	113
8870	114
8872	115
8936	116
8937	117
8971	118
9094	119
9141	120
9227	121
9354	122
9373	123
9408	124
9417	125
9613	126
9660	127
9856	128
9908	129
10001	130
10030	131
10067	132
10118	133
10199	134
10241	135
10354	136
10560	137
10590	138
10819	139
11120	140
11224	141
11400	142
11629	143
11657	144
11687	145
11709	146
11724	147
11944	148
11993	149
12100	150
12112	151
12154	152
12238	153
12272	154
12538	155
12569	156
12698	157
12702	158
12784	159
12824	160
12863	161
12917	162
12982	163
12990	164
13093	165
13104	166
13518	167
13540	168
13552	169
13582	170
13850	171
13935	172
13973	173
14079	174
14230	175
14374	176
14387	177
14449	178
14451	179
14456	180
14638	181
14744	182
14768	183
14897	184
15021	185
15049	186
15408	187
15418	188
15497	189
15602	190
15651	191
15918	192
15945	193
15957	194
16009	195
16106	196
16121	197
16155	198
16161	199
16220	200
16246	201
16488	202
16504	203
16599	204
16601	205
16634	206
16718	207
16755	208
16795	209
16835	210
16871	211
16908	212
16916	213
16949	214
16966	215
16996	216
16999	217
17058	218
17177	219
17183	220
17190	221
17233	222
17282	223
17507	224
17667	225
17859	226
17894	227
17906	228
17950	229
17970	230
18012	231
18067	232
18082	233
18095	234
18155	235
18172	236
18250	237
18439	238
18979	239
19018	240
19085	241
19487	242
19522	243
19573	244
19664	245
19681	246
20060	247
20106	248
20115	249
20119	250
20149	251
20172	252
20180	253
20201	254
20265	255
20336	256
20347	257
20409	258
20561	259
20680	260
20971	261
21011	262
21031	263
21049	264
21202	265
21207	266
21252	267
21356	268
21364	269
21370	270
21484	271
21576	272
21618	273
21659	274
21708	275
21774	276
21875	277
22023	278
22062	279
22089	280
22107	281
22154	282
22200	283
22252	284
22338	285
22365	286
22495	287
22521	288
22624	289
22625	290
22818	291
22912	292
23124	293
23128	294
23511	295
23547	296
23571	297
23582	298
23619	299
23659	300
23699	301
23703	302
23768	303
23816	304
23872	305
23933	306
24090	307
24105	308
24186	309
24194	310
24379	311
24391	312
24433	313
24452	314
24525	315
24544	316
24627	317
24733	318
24921	319
24933	320
24941	321
24995	322
25009	323
25105	324
25216	325
25225	326
25253	327
25261	328
25395	329
25409	330
25436	331
25533	332
25601	333
25630	334
25695	335
25792	336
25827	337
25850	338
25916	339
25996	340
26057	341
26084	342
26134	343
26145	344
26182	345
26196	346
26231	347
26371	348
26418	349
26487	350
26516	351
26535	352
26538	353
26544	354
26713	355
26730	356
26813	357
26831	358
27091	359
27140	360
27193	361
27383	362
27472	363
27551	364
27617	365
27740	366
27812	367
27813	368
27821	369
27947	370
28016	371
28076	372
28096	373
28177	374
28204	375
28222	376
28255	377
28360	378
28451	379
28454	380
28492	381
28523	382
28591	383
28594	384
28634	385
28666	386
28667	387
28735	388
28865	389
28877	390
28938	391
29101	392
29259	393
29526	394
29570	395
29855	396
29915	397
30029	398
30035	399
30072	400
30081	401
30125	402
30245	403
30261	404
30273	405
30276	406
30312	407
30319	408
30324	409
30445	410
30487	411
30495	412
30531	413
30555	414
30594	415
30642	416
30711	417
30716	418
30744	419
30770	420
30806	421
30824	422
30887	423
30898	424
30971	425
30972	426
31008	427
31010	428
31080	429
31102	430
31158	431
31172	432
31226	433
31308	434
31315	435
31343	436
31391	437
31466	438
31468	439
31556	440
31609	441
31611	442
31816	443
31826	444
31900	445
31919	446
31948	447
31987	448
32034	449
32087	450
32122	451
32188	452
32250	453
32329	454
32516	455
32569	456
32599	457
32627	458
32721	459
32773	460
32793	461
33036	462
33200	463
33264	464
33270	465
33281	466
33283	467
33307	468
33319	469
33487	470
33580	471
33614	472
33681	473
33816	474
33818	475
33933	476
33974	477
33980	478
33999	479
34075	480
34215	481
34300	482
34377	483
34397	484
34501	485
34600	486
34752	487
34801	488
34864	489
34987	490
35030	491
35050	492
35320	493
35445	494
35532	495
35704	496
35718	497
35836	498
35841	499
35857	500
35953	501
36003	502
36200	503
36256	504
36299	505
36326	506
36554	507
36606	508
36609	509
36673	510
36741	511
36807	512
36811	513
36817	514
36836	515
36839	516
36907	517
37168	518
37208	519
37227	520
37288	521
37293	522
37310	523
37400	524
37426	525
37454	526
37512	527
37560	528
37567	529
37573	530
37605	531
37623	532
37644	533
37654	534
37691	535
37712	536
37874	537
37968	538
37989	539
38023	540
38034	541
38091	542
38229	543
38281	544
38464	545
38544	546
38590	547
38654	548
38660	549
38703	550
38762	551
38781	552
38802	553
38933	554
38950	555
38995	556
39195	557
39227	558
39281	559
39345	560
39372	561
39396	562
39441	563
39467	564
39502	565
39584	566
39616	567
39646	568
39705	569
39773	570
39974	571
40012	572
40415	573
40435	574
40612	575
40647	576
40772	577
40838	578
40888	579
40889	580
40914	581
40922	582
40943	583
41057	584
41058	585
41084	586
41086	587
41088	588
41111	589
41117	590
41123	591
41177	592
41364	593
41392	594
41589	595
41596	596
41634	597
41757	598
41760	599
41781	600
41911	601
42093	602
42099	603
42274	604
42372	605
42408	606
42419	607
42458	608
42459	609
42466	610
42573	611
42597	612
42601	613
42852	614
42883	615
42914	616
42944	617
42948	618
43004	619
43006	620
43163	621
43246	622
43359	623
43397	624
43404	625
43481	626
43595	627
43619	628
43626	629
43639	630
43687	631
43806	632
43807	633
43909	634
43910	635
43920	636
43962	637
44252	638
44296	639
44297	640
44450	641
44467	642
44535	643
44590	644
44595	645
44647	646
44728	647
44756	648
44845	649
44852	650
44925	651
45113	652
45184	653
45383	654
45416	655
45418	656
45557	657
46099	658
46133	659
46145	660
46154	661
46197	662
46258	663
46269	664
46293	665
46345	666
46398	667
46443	668
46633	669
46671	670
46892	671
46909	672
47117	673
47118	674
47128	675
47279	676
47293	677
47368	678
47512	679
47594	680
47609	681
47743	682
47807	683
47856	684
47971	685
47975	686
48025	687
48037	688
48138	689
48217	690
48261	691
48268	692
48355	693
48424	694
48445	695
48494	696
48539	697
48579	698
48595	699
48630	700
48911	701
48995	702
49109	703
49154	704
49155	705
49212	706
49392	707
49423	708
49460	709
49771	710
49842	711
49900	712
49980	713
49994	714
50092	715
50141	716
50204	717
50205	718
50206	719
50526	720
50547	721
50681	722
50849	723
50955	724
51082	725
51165	726
51192	727
51207	728
51365	729
51386	730
51450	731
51526	732
51545	733
51571	734
51627	735
51665	736
51803	737
51805	738
51856	739
51883	740
51992	741
52011	742
52021	743
52044	744
52060	745
52159	746
52199	747
52293	748
52350	749
52521	750
52584	751
52614	752
52807	753
52811	754
52853	755
52917	756
53042	757
53174	758
53220	759
53256	760
53278	761
53304	762
53365	763
53392	764
53414	765
53418	766
53430	767
53590	768
53614	769
53628	770
53663	771
53846	772
54005	773
54193	774
54206	775
54218	776
54283	777
54335	778
54497	779
54511	780
54564	781
54589	782
54624	783
54652	784
54884	785
54898	786
55006	787
55027	788
55065	789
55075	790
55142	791
55178	792
55187	793
55203	794
55375	795
55438	796
55441	797
55487	798
55490	799
55492	800
55493	801
55559	802
55734	803
55779	804
55789	805
55858	806
55892	807
55927	808
56157	809
56193	810
56198	811
56201	812
56271	813
56272	814
56360	815
56391	816
56399	817
56447	818
56554	819
56625	820
56856	821
56959	822
57006	823
57072	824
57095	825
57105	826
57108	827
57200	828
57302	829
57398	830
57412	831
57449	832
57599	833
57713	834
57725	835
57726	836
57833	837
58062	838
58067	839
58142	840
58255	841
58389	842
58458	843
58529	844
58594	845
58612	846
58641	847
58644	848
58768	849
58911	850
58961	851
59038	852
59059	853
59150	854
59172	855
59180	856
59189	857
59209	858
59297	859
59305	860
59499	861
59504	862
59656	863
59727	864
59812	865
59820	866
59912	867
59971	868
60029	869
60041	870
60050	871
60098	872
60130	873
60244	874
60263	875
60307	876
60337	877
60392	878
60427	879
60445	880
60569	881
60621	882
60631	883
60707	884
60797	885
60809	886
60823	887
60858	888
60905	889
61028	890
61038	891
61107	892
61147	893
61211	894
61257	895
61354	896
61668	897
61704	898
61775	899
61888	900
61901	901
61910	902
62172	903
62239	904
62272	905
62348	906
62464	907
62542	908
62688	909
62755	910
62833	911
62862	912
62881	913
62891	914
62895	915
62958	916
62966	917
63004	918
63243	919
63293	920
63360	921
63389	922
63394	923
63494	924
63595	925
63625	926
63854	927
63865	928
63956	929
63993	930
63997	931
64015	932
64075	933
64126	934
64241	935
64310	936
64436	937
64440	938
64535	939
64943	940
64946	941
65032	942
65038	943
65068	944
65145	945
65208	946
65228	947
65258	948
65382	949
65401	950
65484	951
65584	952
65663	953
65665	954
65769	955
65791	956
65913	957
66055	958
66073	959
66113	960
66161	961
66323	962
66387	963
66443	964
66574	965
66591	966
66640	967
66680	968
66789	969
66853	970
66878	971
66942	972
66945	973
67034	974
67198	975
67288	976
67296	977
67397	978
67403	979
67442	980
67515	981
67547	982
67663	983
67677	984
67693	985
67694	986
67749	987
67782	988
67840	989
67910	990
67997	991
68000	992
68054	993
68156	994
68185	995
68249	996
68256	997
68383	998
68436	999
68478	1000
68561	1001
68568	1002
68615	1003
68846	1004
68886	1005
68984	1006
69042	1007
69078	1008
69089	1009
69156	1010
69180	1011
69232	1012
69378	1013
69389	1014
69405	1015
69658	1016
69684	1017
69697	1018
69721	1019
69775	1020
69810	1021
69945	1022
69967	1023
69971	1024
70052	1025
70065	1026
70183	1027
70192	1028
70222	1029
70401	1030
70402	1031
70415	1032
70477	1033
70538	1034
70541	1035
70594	1036
70649	1037
70666	1038
70703	1039
70713	1040
70864	1041
70931	1042
70999	1043
71102	1044
71162	1045
71193	1046
71223	1047
71234	1048
71261	1049
71470	1050
71490	1051
71568	1052
71634	1053
71662	1054
71712	1055
71752	1056
71786	1057
71799	1058
71831	1059
71853	1060
72099	1061
72100	1062
72214	1063
72282	1064
72296	1065
72352	1066
72368	1067
72530	1068
72531	1069
72601	1070
72707	1071
72785	1072
72863	1073
72990	1074
73127	1075
73157	1076
73196	1077
73330	1078
73394	1079
73479	1080
73588	1081
73603	1082
73622	1083
73681	1084
73741	1085
73923	1086
74026	1087
74056	1088
74106	1089
74185	1090
74187	1091
74286	1092
74328	1093
74356	1094
74453	1095
74493	1096
74630	1097
74689	1098
74691	1099
74709	1100
74758	1101
74833	1102
74911	1103
75081	1104
75091	1105
75119	1106
75149	1107
75251	1108
75429	1109
75485	1110
75491	1111
75551	1112
75591	1113
75595	1114
75701	1115
75771	1116
75777	1117
75860	1118
76019	1119
76102	1120
76151	1121
76173	1122
76223	1123
76351	1124
76352	1125
76483	1126
76530	1127
76532	1128
76576	1129
76626	1130
76710	1131
76818	1132
76888	1133
76942	1134
77052	1135
77082	1136
77181	1137
77270	1138
77383	1139
77424	1140
77480	1141
77491	1142
77530	1143
77724	1144
77772	1145
77809	1146
77840	1147
77860	1148
78015	1149
78328	1150
78440	1151
78553	1152
78719	1153
78783	1154
78834	1155
78841	1156
78846	1157
78901	1158
78941	1159
78973	1160
79055	1161
79089	1162
79099	1163
79182	1164
79186	1165
79441	1166
79475	1167
79506	1168
79527	1169
79556	1170
79736	1171
79740	1172
79747	1173
79754	1174
79942	1175
79957	1176
79961	1177
79977	1178
80071	1179
80105	1180
80202	1181
80203	1182
80266	1183
80371	1184
80453	1185
80538	1186
80555	1187
80642	1188
80683	1189
80692	1190
80776	1191
80810	1192
80826	1193
80837	1194
80929	1195
80945	1196
81088	1197
81136	1198
81207	1199
81227	1200
81263	1201
81274	1202
81298	1203
81303	1204
81318	1205
81368	1206
81370	1207
81492	1208
81609	1209
81682	1210
81771	1211
81845	1212
81848	1213
81854	1214
81855	1215
81865	1216
81950	1217
81977	1218
82123	1219
82164	1220
82171	1221
82391	1222
82497	1223
82673	1224
82699	1225
82825	1226
82831	1227
82893	1228
83156	1229
83178	1230
83287	1231
83306	1232
83431	1233
83467	1234
83493	1235
83561	1236
83637	1237
83646	1238
83666	1239
83671	1240
83707	1241
83754	1242
83971	1243
84024	1244
84178	1245
84201	1246
84427	1247
84476	1248
84479	1249
84523	1250
84727	1251
84729	1252
84900	1253
85256	1254
85367	1255
85426	1256
85526	1257
85534	1258
85587	1259
85616	1260
85656	1261
85701	1262
85757	1263
85833	1264
85851	1265
85872	1266
85875	1267
85962	1268
85992	1269
85993	1270
86093	1271
86145	1272
86159	1273
86170	1274
86202	1275
86242	1276
86303	1277
86392	1278
86408	1279
86419	1280
86489	1281
86538	1282
86548	1283
86555	1284
86641	1285
86680	1286
86792	1287
86959	1288
86969	1289
87051	1290
87143	1291
87147	1292
87155	1293
87351	1294
87555	1295
87579	1296
87610	1297
87690	1298
87712	1299
87729	1300
87746	1301
87747	1302
87820	1303
87911	1304
87929	1305
87938	1306
87949	1307
87964	1308
87974	1309
88122	1310
88187	1311
88229	1312
88283	1313
88389	1314
88412	1315
88435	1316
88620	1317
88652	1318
88677	1319
88693	1320
88729	1321
88767	1322
88793	1323
88879	1324
88937	1325
88976	1326
88993	1327
89179	1328
89192	1329
89207	1330
89307	1331
89507	1332
89551	1333
89852	1334
89867	1335
89869	1336
90049	1337
90075	1338
90137	1339
90192	1340
90198	1341
90391	1342
90417	1343
90423	1344
90471	1345
90614	1346
90653	1347
90776	1348
90915	1349
91002	1350
91017	1351
91023	1352
91026	1353
91058	1354
91100	1355
91103	1356
91113	1357
91119	1358
91130	1359
91184	1360
91203	1361
91342	1362
91425	1363
91449	1364
91633	1365
91647	1366
91685	1367
91792	1368
91875	1369
91931	1370
92132	1371
92152	1372
92278	1373
92405	1374
92524	1375
92547	1376
92648	1377
92652	1378
92658	1379
92696	1380
92804	1381
92810	1382
93034	1383
93046	1384
93047	1385
93085	1386
93092	1387
93114	1388
93130	1389
93147	1390
93308	1391
93358	1392
93363	1393
93364	1394
93426	1395
93562	1396
93565	1397
93629	1398
93631	1399
93698	1400
93732	1401
93769	1402
93800	1403
93985	1404
94023	1405
94213	1406
94242	1407
94263	1408
94334	1409
94347	1410
94385	1411
94396	1412
94494	1413
94529	1414
94730	1415
94787	1416
94818	1417
94840	1418
94853	1419
94923	1420
94951	1421
94952	1422
94965	1423
94985	1424
95025	1425
95049	1426
95193	1427
95201	1428
95353	1429
95359	1430
95393	1431
95452	1432
95506	1433
95509	1434
95525	1435
95574	1436
95741	1437
95800	1438
95903	1439
95915	1440
95923	1441
95932	1442
95991	1443
96054	1444
96194	1445
96320	1446
96357	1447
96440	1448
96474	1449
96475	1450
96521	1451
96554	1452
96611	1453
96679	1454
96744	1455
96771	1456
96776	1457
96869	1458
96936	1459
96954	1460
96970	1461
97025	1462
97179	1463
97290	1464
97324	1465
97423	1466
97515	1467
97694	1468
97721	1469
97754	1470
97848	1471
97945	1472
98026	1473
98159	1474
98263	1475
98297	1476
98320	1477
98322	1478
98356	1479
98391	1480
98440	1481
98468	1482
98484	1483
98547	1484
98575	1485
98628	1486
98647	1487
98655	1488
98686	1489
98722	1490
98723	1491
98741	1492
98758	1493
98783	1494
98787	1495
98887	1496
98904	1497
98943	1498
98988	1499
99025	1500
99026	1501
99032	1502
99136	1503
99252	1504
99277	1505
99312	1506
99347	1507
99441	1508
99523	1509
99630	1510
99955	1511
99996	1512
100009	1513
100053	1514
100088	1515
100115	1516
100227	1517
100264	1518
100361	1519
100459	1520
100460	1521
100578	1522
100644	1523
100648	1524
100782	1525
100783	1526
100815	1527
100822	1528
100832	1529
100846	1530
100906	1531
101035	1532
101091	1533
101141	1534
101209	1535
101214	1536
101304	1537
101305	1538
101336	1539
101422	1540
101606	1541
101696	1542
101851	1543
101876	1544
101882	1545
102019	1546
102029	1547
102032	1548
102117	1549
102130	1550
102220	1551
102275	1552
102375	1553
102564	1554
102647	1555
102702	1556
102705	1557
102733	1558
102772	1559
102967	1560
103024	1561
103281	1562
103304	1563
103315	1564
103336	1565
103467	1566
103577	1567
103624	1568
103811	1569
104051	1570
104113	1571
104144	1572
104211	1573
104243	1574
104268	1575
104278	1576
104334	1577
104362	1578
104399	1579
104413	1580
104422	1581
104429	1582
104505	1583
104569	1584
104657	1585
104665	1586
104812	1587
104880	1588
104925	1589
104939	1590
105012	1591
105028	1592
105054	1593
105058	1594
105108	1595
105214	1596
105221	1597
105317	1598
105374	1599
105476	1600
105517	1601
105536	1602
105627	1603
105869	1604
105904	1605
105937	1606
105968	1607
105979	1608
106007	1609
106059	1610
106131	1611
106208	1612
106225	1613
106273	1614
106302	1615
106369	1616
106406	1617
106725	1618
106768	1619
106816	1620
106849	1621
106893	1622
106895	1623
106936	1624
107021	1625
107073	1626
107214	1627
107234	1628
107244	1629
107301	1630
107326	1631
107384	1632
107426	1633
107453	1634
107510	1635
107540	1636
107921	1637
107960	1638
108005	1639
108104	1640
108155	1641
108158	1642
108243	1643
108261	1644
108285	1645
108352	1646
108392	1647
108405	1648
108485	1649
108700	1650
108741	1651
108752	1652
108753	1653
108773	1654
108950	1655
109013	1656
109049	1657
109084	1658
109122	1659
109135	1660
109363	1661
109427	1662
109461	1663
109491	1664
109519	1665
109574	1666
109605	1667
109727	1668
109779	1669
109901	1670
109971	1671
110029	1672
110040	1673
110076	1674
110110	1675
110112	1676
110214	1677
110267	1678
110317	1679
110361	1680
110382	1681
110406	1682
110440	1683
110483	1684
110608	1685
110746	1686
110853	1687
110887	1688
110912	1689
110934	1690
110973	1691
111019	1692
111133	1693
111190	1694
111228	1695
111286	1696
111634	1697
111637	1698
111657	1699
111747	1700
111847	1701
111888	1702
111924	1703
111944	1704
111947	1705
112001	1706
112026	1707
112083	1708
112093	1709
112109	1710
112199	1711
112280	1712
112401	1713
112408	1714
112437	1715
112512	1716
112541	1717
112559	1718
112672	1719
112761	1720
112765	1721
112881	1722
112953	1723
112976	1724
113030	1725
113155	1726
113270	1727
113279	1728
113292	1729
113334	1730
113364	1731
113435	1732
113467	1733
113528	1734
113531	1735
113586	1736
113661	1737
113804	1738
113817	1739
113902	1740
113904	1741
113955	1742
113983	1743
114143	1744
114178	1745
114200	1746
114258	1747
114279	1748
114368	1749
114378	1750
114414	1751
114444	1752
114446	1753
114544	1754
114581	1755
114698	1756
114785	1757
114868	1758
114893	1759
114988	1760
115003	1761
115120	1762
115224	1763
115234	1764
115392	1765
115435	1766
115488	1767
115537	1768
115552	1769
115572	1770
115679	1771
115692	1772
115700	1773
115841	1774
115904	1775
115953	1776
116005	1777
116122	1778
116123	1779
116160	1780
116210	1781
116301	1782
116391	1783
116428	1784
116521	1785
116556	1786
116599	1787
116758	1788
116763	1789
116904	1790
116931	1791
117092	1792
117111	1793
117132	1794
117210	1795
117384	1796
117539	1797
117548	1798
117593	1799
117594	1800
117852	1801
117873	1802
117925	1803
118275	1804
118320	1805
118333	1806
118434	1807
118489	1808
118533	1809
118587	1810
118627	1811
118628	1812
118677	1813
118881	1814
119179	1815
119248	1816
119364	1817
119505	1818
119575	1819
119594	1820
119631	1821
119725	1822
119749	1823
119858	1824
120080	1825
120082	1826
120093	1827
120155	1828
120178	1829
120181	1830
120332	1831
120333	1832
120396	1833
120548	1834
120565	1835
120579	1836
120695	1837
120696	1838
120735	1839
120807	1840
120828	1841
120873	1842
120908	1843
121083	1844
121093	1845
121119	1846
121166	1847
121170	1848
121251	1849
121407	1850
121594	1851
121606	1852
121817	1853
121941	1854
121986	1855
122014	1856
122045	1857
122048	1858
122096	1859
122429	1860
122440	1861
122506	1862
122716	1863
122782	1864
122793	1865
122801	1866
122867	1867
122988	1868
123056	1869
123094	1870
123143	1871
123160	1872
123203	1873
123215	1874
123228	1875
123257	1876
123261	1877
123460	1878
123503	1879
123510	1880
123608	1881
123625	1882
123649	1883
123676	1884
123744	1885
123784	1886
123790	1887
123883	1888
123981	1889
123988	1890
124078	1891
124079	1892
124298	1893
124310	1894
124363	1895
124378	1896
124474	1897
124574	1898
124597	1899
124688	1900
124717	1901
124720	1902
124747	1903
124869	1904
124874	1905
124876	1906
124983	1907
124989	1908
125027	1909
125039	1910
125063	1911
125143	1912
125203	1913
125216	1914
125217	1915
125287	1916
125303	1917
125411	1918
125474	1919
125519	1920
125538	1921
125692	1922
125736	1923
125774	1924
125798	1925
125808	1926
125917	1927
125918	1928
126053	1929
126196	1930
126232	1931
126240	1932
126296	1933
126388	1934
126395	1935
126473	1936
126492	1937
126531	1938
126604	1939
126693	1940
126695	1941
126697	1942
126726	1943
126736	1944
126783	1945
126814	1946
126827	1947
126860	1948
126911	1949
127024	1950
127035	1951
127049	1952
127131	1953
127190	1954
127203	1955
127233	1956
127359	1957
127384	1958
127429	1959
127438	1960
127481	1961
127505	1962
127621	1963
127623	1964
127914	1965
128033	1966
128040	1967
128045	1968
128060	1969
128085	1970
128122	1971
128208	1972
128257	1973
128325	1974
128331	1975
128406	1976
128434	1977
128588	1978
128610	1979
128622	1980
128696	1981
128732	1982
128835	1983
128915	1984
129008	1985
129074	1986
129084	1987
129338	1988
129358	1989
129373	1990
129393	1991
129465	1992
129474	1993
129489	1994
129503	1995
129690	1996
129716	1997
129851	1998
129883	1999
130132	2000
130157	2001
130166	2002
130168	2003
130258	2004
130438	2005
130474	2006
130482	2007
130543	2008
130581	2009
130658	2010
130705	2011
130792	2012
130837	2013
130847	2014
130950	2015
131027	2016
131032	2017
131046	2018
131099	2019
131108	2020
131126	2021
131154	2022
131182	2023
131202	2024
131238	2025
131437	2026
131482	2027
131594	2028
131622	2029
131675	2030
131686	2031
131855	2032
132083	2033
132133	2034
132171	2035
132188	2036
132282	2037
132375	2038
132382	2039
132392	2040
132544	2041
132572	2042
132663	2043
132836	2044
132851	2045
132909	2046
132930	2047
133037	2048
133166	2049
133258	2050
133284	2051
133296	2052
133416	2053
133418	2054
133435	2055
133571	2056
133689	2057
133706	2058
133738	2059
133747	2060
133868	2061
133905	2062
133935	2063
134005	2064
134120	2065
134137	2066
134225	2067
134247	2068
134294	2069
134311	2070
134347	2071
134403	2072
134434	2073
134508	2074
134516	2075
134556	2076
134684	2077
134694	2078
134761	2079
134784	2080
134837	2081
134900	2082
134948	2083
135045	2084
135265	2085
135294	2086
135329	2087
135351	2088
135360	2089
135398	2090
135411	2091
135458	2092
135673	2093
135703	2094
135704	2095
135753	2096
135763	2097
135776	2098
135778	2099
135799	2100
135869	2101
135974	2102
135996	2103
136011	2104
136071	2105
136136	2106
136193	2107
136205	2108
136237	2109
136240	2110
136252	2111
136291	2112
136313	2113
136326	2114
136348	2115
136396	2116
136465	2117
136491	2118
136509	2119
136561	2120
136747	2121
136829	2122
137136	2123
137190	2124
137222	2125
137336	2126
137437	2127
137480	2128
137587	2129
137589	2130
137620	2131
137627	2132
137688	2133
137742	2134
137803	2135
138010	2136
138073	2137
138097	2138
138176	2139
138189	2140
138198	2141
138239	2142
138298	2143
138379	2144
138425	2145
138441	2146
138515	2147
138543	2148
138578	2149
138586	2150
138602	2151
138826	2152
138844	2153
138883	2154
138955	2155
138995	2156
139070	2157
139126	2158
139141	2159
139206	2160
139221	2161
139327	2162
139359	2163
139387	2164
139467	2165
139586	2166
139636	2167
139642	2168
139742	2169
139828	2170
139835	2171
139913	2172
140013	2173
140036	2174
140069	2175
140087	2176
140184	2177
140223	2178
140255	2179
140294	2180
140340	2181
140410	2182
140451	2183
140555	2184
140662	2185
140763	2186
140879	2187
140974	2188
141010	2189
141047	2190
141065	2191
141070	2192
141089	2193
141109	2194
141201	2195
141309	2196
141310	2197
141328	2198
141491	2199
141493	2200
141496	2201
141511	2202
141600	2203
141819	2204
141901	2205
141902	2206
141958	2207
142005	2208
142026	2209
142062	2210
142121	2211
142143	2212
142212	2213
142256	2214
142524	2215
142584	2216
142600	2217
142671	2218
142672	2219
142680	2220
142715	2221
142745	2222
142801	2223
142823	2224
143134	2225
143163	2226
143175	2227
143253	2228
143294	2229
143415	2230
143427	2231
143497	2232
143715	2233
143792	2234
143809	2235
143837	2236
143909	2237
143964	2238
143965	2239
143968	2240
144038	2241
144114	2242
144162	2243
144194	2244
144223	2245
144229	2246
144241	2247
144348	2248
144455	2249
144478	2250
144516	2251
144531	2252
144555	2253
144707	2254
144727	2255
144925	2256
144997	2257
145109	2258
145165	2259
145198	2260
145431	2261
145451	2262
145619	2263
145737	2264
146026	2265
146078	2266
146083	2267
146175	2268
146207	2269
146230	2270
146279	2271
146298	2272
146345	2273
146386	2274
146517	2275
146564	2276
146573	2277
146890	2278
146932	2279
147045	2280
147141	2281
147156	2282
147166	2283
147224	2284
147307	2285
147414	2286
147420	2287
147451	2288
147616	2289
147678	2290
147686	2291
147687	2292
147752	2293
147839	2294
147851	2295
147900	2296
148121	2297
148157	2298
148191	2299
148192	2300
148199	2301
148263	2302
148314	2303
148590	2304
148662	2305
148695	2306
148744	2307
148798	2308
148847	2309
148898	2310
148934	2311
149043	2312
149069	2313
149071	2314
149084	2315
149140	2316
149483	2317
149484	2318
149598	2319
149690	2320
149802	2321
149843	2322
149893	2323
149907	2324
149908	2325
149909	2326
149934	2327
150067	2328
150124	2329
150498	2330
150554	2331
150561	2332
150587	2333
150627	2334
150657	2335
150661	2336
150663	2337
150814	2338
150896	2339
150911	2340
150968	2341
150979	2342
151043	2343
151098	2344
151107	2345
151122	2346
151503	2347
151537	2348
151589	2349
151702	2350
151780	2351
151787	2352
151790	2353
151799	2354
151800	2355
151806	2356
151991	2357
152016	2358
152036	2359
152099	2360
152186	2361
152309	2362
152409	2363
152435	2364
152483	2365
152514	2366
152579	2367
152617	2368
152645	2369
152651	2370
152742	2371
152946	2372
153042	2373
153054	2374
153174	2375
153211	2376
153322	2377
153342	2378
153361	2379
153513	2380
153653	2381
153662	2382
153718	2383
153723	2384
153797	2385
153927	2386
154037	2387
154070	2388
154126	2389
154160	2390
154176	2391
154182	2392
154346	2393
154354	2394
154443	2395
154465	2396
154529	2397
154543	2398
154553	2399
154675	2400
154730	2401
154773	2402
154781	2403
154844	2404
154944	2405
154975	2406
154992	2407
155000	2408
155027	2409
155141	2410
155147	2411
155219	2412
155444	2413
155463	2414
155495	2415
155580	2416
155807	2417
155916	2418
156140	2419
156150	2420
156214	2421
156243	2422
156269	2423
156300	2424
156438	2425
156467	2426
156510	2427
156534	2428
156584	2429
156670	2430
156706	2431
156837	2432
157101	2433
157127	2434
157163	2435
157247	2436
157252	2437
157273	2438
157290	2439
157380	2440
157655	2441
157799	2442
157811	2443
158033	2444
158034	2445
158103	2446
158226	2447
158254	2448
158262	2449
158344	2450
158385	2451
158506	2452
158606	2453
158774	2454
158791	2455
158846	2456
158984	2457
159033	2458
159040	2459
159137	2460
159440	2461
159506	2462
159720	2463
159732	2464
159754	2465
159822	2466
159834	2467
159858	2468
159860	2469
160295	2470
160393	2471
160401	2472
160434	2473
160451	2474
160548	2475
160558	2476
160574	2477
160681	2478
160735	2479
160819	2480
161037	2481
161039	2482
161041	2483
161200	2484
161211	2485
161234	2486
161252	2487
161265	2488
161299	2489
161348	2490
161443	2491
161467	2492
161476	2493
161662	2494
161677	2495
161752	2496
161755	2497
161831	2498
161880	2499
161882	2500
161936	2501
161974	2502
162019	2503
162052	2504
162085	2505
162121	2506
162155	2507
162219	2508
162311	2509
162376	2510
162380	2511
162473	2512
162538	2513
162562	2514
162564	2515
162610	2516
162625	2517
162671	2518
162738	2519
162762	2520
162780	2521
162840	2522
162886	2523
162962	2524
163194	2525
163202	2526
163307	2527
163319	2528
163326	2529
163358	2530
163419	2531
163467	2532
163488	2533
163570	2534
163579	2535
163600	2536
163676	2537
163690	2538
163744	2539
163761	2540
163776	2541
163804	2542
163851	2543
163973	2544
164096	2545
164323	2546
164465	2547
164480	2548
164492	2549
164533	2550
164581	2551
164584	2552
164675	2553
164762	2554
164863	2555
164926	2556
164956	2557
165183	2558
165232	2559
165268	2560
165308	2561
165319	2562
165512	2563
165516	2564
165759	2565
165806	2566
165866	2567
165987	2568
166017	2569
166123	2570
166327	2571
166391	2572
166409	2573
166596	2574
166646	2575
166830	2576
166892	2577
166922	2578
167131	2579
167189	2580
167327	2581
167349	2582
167471	2583
167478	2584
167494	2585
167507	2586
167517	2587
167521	2588
167587	2589
167611	2590
167614	2591
167678	2592
167722	2593
167746	2594
167761	2595
167800	2596
167812	2597
167844	2598
168016	2599
168029	2600
168047	2601
168132	2602
168144	2603
168216	2604
168245	2605
168387	2606
168464	2607
168642	2608
168816	2609
168954	2610
168971	2611
169006	2612
169057	2613
169181	2614
169223	2615
169233	2616
169243	2617
169249	2618
169403	2619
169438	2620
169492	2621
169600	2622
169682	2623
169699	2624
169779	2625
169781	2626
169824	2627
170012	2628
170077	2629
170154	2630
170155	2631
170184	2632
170227	2633
170229	2634
170264	2635
170415	2636
170499	2637
170518	2638
170522	2639
170527	2640
170575	2641
170595	2642
170721	2643
170724	2644
170742	2645
170762	2646
170792	2647
170810	2648
170861	2649
170947	2650
170997	2651
171007	2652
171045	2653
171050	2654
171078	2655
171082	2656
171118	2657
171165	2658
171295	2659
171445	2660
171602	2661
171638	2662
171758	2663
171765	2664
171783	2665
171818	2666
171968	2667
171986	2668
172010	2669
172030	2670
172061	2671
172091	2672
172119	2673
172128	2674
172192	2675
172203	2676
172326	2677
172374	2678
172512	2679
172676	2680
172700	2681
172742	2682
172760	2683
173111	2684
173122	2685
173131	2686
173291	2687
173415	2688
173481	2689
173486	2690
173517	2691
173650	2692
173679	2693
173684	2694
173773	2695
173835	2696
173860	2697
173879	2698
173881	2699
173906	2700
174034	2701
174062	2702
174092	2703
174140	2704
174151	2705
174216	2706
174304	2707
174326	2708
174367	2709
174375	2710
174428	2711
174625	2712
174633	2713
174683	2714
174692	2715
174700	2716
174791	2717
174827	2718
174834	2719
174914	2720
175003	2721
175052	2722
175070	2723
175100	2724
175101	2725
175145	2726
175149	2727
175271	2728
175284	2729
175287	2730
175536	2731
175636	2732
175886	2733
175978	2734
176094	2735
176214	2736
176256	2737
176348	2738
176459	2739
176477	2740
176597	2741
176658	2742
176667	2743
176875	2744
176887	2745
176902	2746
176903	2747
177040	2748
177072	2749
177090	2750
177091	2751
177113	2752
177180	2753
177186	2754
177195	2755
177233	2756
177277	2757
177284	2758
177295	2759
177349	2760
177373	2761
177375	2762
177432	2763
177458	2764
177569	2765
177590	2766
177690	2767
177862	2768
178035	2769
178056	2770
178079	2771
178130	2772
178151	2773
178181	2774
178223	2775
178229	2776
178240	2777
178322	2778
178356	2779
178587	2780
178667	2781
178797	2782
178919	2783
178920	2784
179068	2785
179075	2786
179184	2787
179288	2788
179327	2789
179433	2790
179501	2791
179688	2792
179718	2793
179733	2794
179734	2795
179739	2796
179744	2797
179772	2798
179791	2799
179826	2800
179857	2801
179978	2802
180042	2803
180146	2804
180348	2805
180378	2806
180495	2807
180651	2808
180722	2809
180801	2810
180840	2811
180917	2812
180925	2813
180975	2814
181076	2815
181077	2816
181084	2817
181103	2818
181165	2819
181176	2820
181212	2821
181687	2822
181691	2823
181714	2824
181736	2825
181796	2826
181854	2827
181944	2828
181948	2829
181956	2830
181995	2831
182053	2832
182088	2833
182164	2834
182180	2835
182202	2836
182275	2837
182334	2838
182393	2839
182403	2840
182414	2841
182459	2842
182506	2843
182527	2844
182746	2845
182781	2846
182819	2847
182838	2848
182847	2849
182969	2850
182993	2851
183061	2852
183088	2853
183101	2854
183146	2855
183187	2856
183196	2857
183277	2858
183347	2859
183476	2860
183532	2861
183540	2862
183572	2863
183753	2864
183883	2865
183952	2866
183963	2867
183995	2868
184265	2869
184279	2870
184299	2871
184305	2872
184401	2873
184424	2874
184465	2875
184483	2876
184513	2877
184532	2878
184547	2879
184562	2880
184789	2881
184890	2882
184891	2883
184904	2884
184918	2885
185011	2886
185087	2887
185147	2888
185154	2889
185176	2890
185233	2891
185252	2892
185254	2893
185275	2894
185296	2895
185351	2896
185402	2897
185448	2898
185450	2899
185468	2900
185514	2901
185519	2902
185722	2903
185731	2904
185771	2905
186039	2906
186446	2907
186527	2908
186547	2909
186570	2910
186762	2911
186837	2912
186848	2913
186899	2914
187029	2915
187145	2916
187170	2917
187232	2918
187266	2919
187425	2920
187517	2921
187520	2922
187606	2923
187613	2924
187624	2925
187747	2926
187762	2927
187801	2928
187822	2929
187830	2930
187835	2931
187863	2932
187904	2933
187922	2934
187981	2935
188027	2936
188273	2937
188369	2938
188379	2939
188483	2940
188513	2941
188583	2942
188589	2943
188593	2944
188659	2945
188676	2946
188799	2947
188951	2948
189066	2949
189080	2950
189104	2951
189115	2952
189139	2953
189151	2954
189320	2955
189334	2956
189392	2957
189474	2958
189516	2959
189558	2960
189678	2961
189747	2962
189855	2963
190080	2964
190347	2965
190374	2966
190422	2967
190459	2968
190521	2969
190533	2970
190708	2971
190741	2972
190807	2973
190885	2974
190923	2975
190925	2976
190939	2977
191165	2978
191188	2979
191523	2980
191548	2981
191560	2982
191575	2983
191671	2984
191716	2985
191761	2986
191841	2987
191875	2988
191883	2989
192093	2990
192119	2991
192176	2992
192185	2993
192211	2994
192244	2995
192353	2996
192428	2997
192479	2998
192710	2999
193412	3000
193458	3001
193469	3002
193499	3003
193529	3004
193560	3005
193676	3006
193750	3007
193769	3008
193798	3009
193966	3010
194027	3011
194172	3012
194202	3013
194287	3014
194457	3015
194463	3016
194514	3017
194519	3018
194600	3019
194605	3020
194614	3021
194669	3022
194803	3023
194992	3024
195049	3025
195079	3026
195100	3027
195116	3028
195182	3029
195247	3030
195374	3031
195386	3032
195469	3033
195694	3034
195904	3035
196018	3036
196047	3037
196052	3038
196053	3039
196077	3040
196106	3041
196108	3042
196129	3043
196137	3044
196148	3045
196160	3046
196228	3047
196253	3048
196282	3049
196317	3050
196466	3051
196502	3052
196621	3053
196656	3054
196738	3055
196886	3056
196891	3057
197012	3058
197364	3059
197410	3060
197424	3061
197502	3062
197550	3063
197609	3064
197659	3065
197664	3066
197727	3067
197775	3068
197828	3069
197866	3070
197882	3071
197997	3072
198012	3073
198046	3074
198114	3075
198213	3076
198214	3077
198331	3078
198412	3079
198506	3080
198564	3081
198621	3082
198625	3083
198692	3084
198699	3085
198711	3086
198726	3087
198767	3088
198930	3089
198982	3090
198983	3091
198996	3092
199092	3093
199178	3094
199209	3095
199378	3096
199416	3097
199431	3098
199494	3099
199515	3100
199857	3101
200196	3102
200226	3103
200248	3104
200252	3105
200422	3106
200493	3107
200557	3108
200568	3109
200583	3110
200585	3111
200643	3112
200674	3113
200772	3114
200814	3115
200978	3116
200993	3117
201017	3118
201042	3119
201141	3120
201290	3121
201353	3122
201404	3123
201447	3124
201475	3125
201526	3126
201641	3127
201674	3128
201677	3129
201684	3130
201697	3131
201760	3132
201768	3133
201776	3134
201783	3135
202058	3136
202063	3137
202127	3138
202173	3139
202182	3140
202195	3141
202205	3142
202212	3143
202277	3144
202324	3145
202358	3146
202381	3147
202462	3148
202711	3149
202834	3150
202885	3151
203017	3152
203044	3153
203058	3154
203075	3155
203161	3156
203240	3157
203280	3158
203380	3159
203441	3160
203506	3161
203598	3162
203603	3163
203621	3164
203649	3165
203764	3166
203799	3167
203844	3168
203900	3169
203910	3170
204167	3171
204205	3172
204333	3173
204359	3174
204393	3175
204457	3176
204522	3177
204591	3178
204622	3179
204790	3180
204864	3181
204946	3182
204964	3183
205072	3184
205197	3185
205281	3186
205383	3187
205426	3188
205473	3189
205487	3190
205502	3191
205554	3192
205735	3193
205765	3194
205843	3195
205919	3196
205922	3197
205963	3198
206016	3199
206074	3200
206109	3201
206202	3202
206219	3203
206249	3204
206393	3205
206438	3206
206563	3207
206567	3208
206675	3209
206691	3210
206695	3211
206891	3212
206944	3213
206959	3214
206979	3215
207148	3216
207246	3217
207259	3218
207275	3219
207339	3220
207341	3221
207349	3222
207494	3223
207563	3224
207616	3225
207686	3226
207721	3227
207727	3228
207748	3229
207782	3230
207825	3231
207835	3232
207924	3233
207965	3234
207971	3235
208058	3236
208112	3237
208141	3238
208147	3239
208236	3240
208251	3241
208382	3242
208406	3243
208410	3244
208415	3245
208492	3246
208555	3247
208591	3248
208600	3249
208605	3250
208622	3251
208641	3252
208665	3253
208668	3254
208700	3255
208741	3256
208786	3257
208788	3258
208815	3259
208907	3260
208960	3261
209059	3262
209156	3263
209160	3264
209229	3265
209238	3266
209272	3267
209373	3268
209464	3269
209477	3270
209486	3271
209516	3272
209536	3273
209563	3274
209625	3275
209631	3276
209756	3277
209817	3278
209870	3279
209875	3280
209985	3281
210035	3282
210276	3283
210346	3284
210485	3285
210597	3286
210685	3287
210717	3288
210791	3289
210792	3290
210816	3291
210822	3292
210874	3293
210959	3294
211041	3295
211152	3296
211176	3297
211231	3298
211264	3299
211288	3300
211303	3301
211344	3302
211351	3303
211426	3304
211430	3305
211460	3306
211713	3307
211767	3308
211770	3309
211847	3310
211919	3311
211944	3312
211961	3313
212088	3314
212142	3315
212181	3316
212252	3317
212328	3318
212350	3319
212385	3320
212467	3321
212628	3322
212645	3323
212697	3324
212797	3325
212835	3326
212849	3327
212859	3328
212923	3329
212965	3330
212986	3331
213119	3332
213197	3333
213255	3334
213312	3335
213316	3336
213350	3337
213531	3338
213628	3339
213638	3340
213641	3341
213661	3342
213708	3343
213760	3344
213839	3345
213915	3346
213941	3347
214042	3348
214138	3349
214212	3350
214244	3351
214272	3352
214315	3353
214436	3354
214528	3355
214631	3356
214651	3357
214879	3358
214920	3359
215006	3360
215071	3361
215180	3362
215298	3363
215359	3364
215421	3365
215693	3366
215942	3367
215986	3368
215988	3369
216012	3370
216027	3371
216100	3372
216155	3373
216211	3374
216386	3375
216444	3376
216466	3377
216476	3378
216501	3379
216724	3380
216745	3381
216781	3382
216931	3383
217056	3384
217089	3385
217106	3386
217107	3387
217121	3388
217173	3389
217262	3390
217375	3391
217468	3392
217512	3393
217516	3394
217673	3395
217740	3396
217811	3397
217986	3398
218068	3399
218221	3400
218240	3401
218344	3402
218411	3403
218552	3404
218568	3405
218569	3406
218608	3407
218640	3408
218760	3409
218875	3410
218936	3411
218976	3412
219008	3413
219013	3414
219149	3415
219278	3416
219482	3417
219546	3418
219609	3419
219683	3420
219924	3421
219951	3422
219955	3423
220240	3424
220278	3425
220564	3426
220597	3427
220608	3428
220626	3429
220664	3430
220688	3431
220867	3432
220911	3433
220931	3434
221040	3435
221510	3436
221543	3437
221557	3438
221687	3439
221732	3440
221753	3441
221777	3442
221870	3443
221946	3444
221948	3445
222035	3446
222050	3447
222110	3448
222152	3449
222204	3450
222220	3451
222372	3452
222488	3453
222501	3454
222506	3455
222563	3456
222614	3457
222688	3458
222743	3459
222941	3460
223066	3461
223154	3462
223156	3463
223190	3464
223210	3465
223211	3466
223231	3467
223238	3468
223253	3469
223326	3470
223402	3471
223438	3472
223461	3473
223566	3474
223608	3475
223644	3476
223784	3477
223787	3478
223816	3479
223954	3480
224115	3481
224146	3482
224308	3483
224340	3484
224349	3485
224435	3486
224439	3487
224525	3488
224768	3489
224809	3490
224904	3491
224923	3492
224927	3493
224944	3494
225066	3495
225078	3496
225087	3497
225186	3498
225191	3499
225199	3500
225379	3501
225449	3502
225595	3503
225610	3504
225612	3505
225686	3506
225687	3507
225731	3508
225810	3509
225886	3510
225887	3511
225910	3512
225938	3513
225986	3514
225989	3515
225996	3516
226003	3517
226006	3518
226007	3519
226031	3520
226069	3521
226205	3522
226220	3523
226393	3524
226394	3525
226462	3526
226482	3527
226545	3528
226702	3529
226739	3530
226745	3531
226772	3532
226847	3533
226879	3534
226965	3535
227025	3536
227054	3537
227097	3538
227250	3539
227276	3540
227327	3541
227447	3542
227520	3543
227681	3544
227702	3545
227705	3546
227814	3547
227836	3548
227859	3549
227884	3550
228021	3551
228154	3552
228311	3553
228313	3554
228321	3555
228351	3556
228445	3557
228579	3558
228764	3559
228789	3560
228868	3561
228998	3562
229055	3563
229313	3564
229329	3565
229331	3566
229334	3567
229409	3568
229502	3569
229551	3570
229632	3571
229741	3572
229742	3573
229757	3574
229768	3575
229922	3576
230030	3577
230105	3578
230115	3579
230180	3580
230293	3581
230428	3582
230459	3583
230496	3584
230522	3585
230629	3586
230687	3587
230699	3588
230708	3589
230997	3590
231210	3591
231263	3592
231264	3593
231299	3594
231337	3595
231340	3596
231351	3597
231374	3598
231393	3599
231613	3600
231694	3601
231827	3602
231857	3603
231897	3604
231993	3605
232052	3606
232066	3607
232106	3608
232541	3609
232583	3610
232688	3611
232736	3612
232756	3613
232820	3614
232838	3615
232853	3616
232929	3617
232945	3618
232959	3619
232964	3620
232990	3621
233196	3622
233256	3623
233392	3624
233430	3625
233526	3626
233529	3627
233543	3628
233578	3629
233711	3630
233853	3631
233856	3632
233889	3633
233903	3634
233911	3635
233917	3636
233928	3637
233976	3638
234023	3639
234359	3640
234565	3641
234672	3642
234683	3643
234765	3644
234879	3645
234925	3646
234954	3647
235059	3648
235099	3649
235105	3650
235117	3651
235146	3652
235221	3653
235282	3654
235392	3655
235429	3656
235498	3657
235506	3658
235543	3659
235619	3660
235684	3661
235842	3662
235935	3663
235952	3664
236058	3665
236164	3666
236172	3667
236235	3668
236237	3669
236267	3670
236269	3671
236283	3672
236340	3673
236399	3674
236480	3675
236655	3676
236727	3677
236840	3678
236948	3679
236955	3680
236959	3681
237064	3682
237091	3683
237175	3684
237264	3685
237275	3686
237429	3687
237474	3688
237477	3689
237534	3690
237577	3691
237646	3692
237748	3693
238008	3694
238010	3695
238065	3696
238120	3697
238186	3698
238222	3699
238319	3700
238350	3701
238475	3702
238540	3703
238557	3704
238607	3705
238613	3706
238639	3707
238779	3708
238781	3709
238849	3710
238864	3711
238889	3712
238961	3713
239020	3714
239070	3715
239074	3716
239423	3717
239449	3718
239468	3719
239486	3720
239554	3721
239594	3722
239609	3723
239626	3724
239688	3725
239692	3726
239748	3727
240051	3728
240131	3729
240144	3730
240219	3731
240224	3732
240225	3733
240235	3734
240333	3735
240401	3736
240403	3737
240495	3738
240567	3739
240568	3740
240609	3741
240677	3742
240700	3743
240756	3744
240789	3745
240829	3746
241086	3747
241204	3748
241239	3749
241265	3750
241305	3751
241306	3752
241367	3753
241414	3754
241441	3755
241548	3756
241565	3757
241614	3758
241666	3759
241791	3760
241980	3761
242006	3762
242073	3763
242083	3764
242097	3765
242106	3766
242118	3767
242247	3768
242248	3769
242299	3770
242309	3771
242409	3772
242445	3773
242458	3774
242485	3775
242528	3776
242637	3777
242639	3778
242640	3779
242708	3780
242824	3781
242843	3782
242849	3783
242891	3784
242914	3785
242962	3786
243075	3787
243077	3788
243142	3789
243236	3790
243294	3791
243312	3792
243328	3793
243448	3794
243563	3795
243585	3796
243745	3797
243759	3798
243785	3799
243879	3800
243929	3801
243930	3802
243951	3803
243966	3804
243984	3805
244007	3806
244070	3807
244171	3808
244189	3809
244277	3810
244286	3811
244349	3812
244359	3813
244400	3814
244452	3815
244484	3816
244517	3817
244593	3818
244627	3819
244657	3820
244662	3821
244688	3822
244710	3823
244736	3824
244814	3825
244873	3826
244874	3827
244915	3828
244964	3829
244993	3830
244995	3831
245088	3832
245102	3833
245157	3834
245188	3835
245257	3836
245287	3837
245295	3838
245312	3839
245328	3840
245346	3841
245371	3842
245373	3843
245410	3844
245649	3845
245655	3846
245660	3847
245703	3848
245782	3849
245864	3850
245925	3851
245978	3852
246000	3853
246156	3854
246247	3855
246311	3856
246333	3857
246437	3858
246470	3859
246507	3860
246512	3861
246513	3862
246528	3863
246617	3864
246671	3865
246759	3866
246776	3867
246798	3868
246959	3869
247010	3870
247055	3871
247129	3872
247240	3873
247241	3874
247278	3875
247429	3876
247444	3877
247447	3878
247626	3879
247752	3880
247829	3881
247958	3882
247966	3883
248064	3884
248098	3885
248209	3886
248221	3887
248464	3888
248468	3889
248477	3890
248531	3891
248540	3892
248547	3893
248615	3894
248656	3895
248669	3896
248718	3897
248749	3898
248752	3899
248805	3900
248850	3901
248965	3902
249058	3903
249096	3904
249140	3905
249146	3906
249361	3907
249407	3908
249480	3909
249536	3910
249620	3911
249628	3912
249634	3913
249695	3914
249723	3915
249736	3916
249791	3917
249924	3918
249958	3919
250015	3920
250101	3921
250359	3922
250398	3923
250405	3924
250456	3925
250645	3926
250683	3927
250750	3928
250851	3929
250925	3930
250936	3931
250962	3932
250984	3933
251003	3934
251019	3935
251050	3936
251093	3937
251097	3938
251140	3939
251164	3940
251170	3941
251242	3942
251325	3943
251327	3944
251339	3945
251391	3946
251394	3947
251422	3948
251467	3949
251495	3950
251560	3951
251613	3952
251637	3953
251642	3954
251721	3955
251730	3956
251844	3957
251851	3958
252007	3959
252071	3960
252222	3961
252268	3962
252282	3963
252287	3964
252292	3965
252347	3966
252601	3967
252642	3968
252806	3969
252820	3970
252827	3971
252829	3972
252846	3973
252848	3974
252865	3975
253005	3976
253106	3977
253226	3978
253310	3979
253311	3980
253482	3981
253556	3982
253563	3983
253580	3984
253602	3985
253626	3986
253771	3987
253855	3988
253871	3989
253949	3990
254038	3991
254053	3992
254064	3993
254144	3994
254159	3995
254160	3996
254201	3997
254206	3998
254241	3999
254299	4000
254355	4001
254377	4002
254405	4003
254465	4004
254467	4005
254481	4006
254502	4007
254543	4008
254754	4009
254777	4010
254899	4011
254971	4012
254995	4013
255078	4014
255218	4015
255493	4016
255546	4017
255618	4018
255648	4019
255655	4020
255661	4021
255719	4022
255786	4023
255814	4024
255846	4025
256133	4026
256167	4027
256247	4028
256270	4029
256402	4030
256407	4031
256507	4032
256603	4033
256843	4034
256844	4035
256874	4036
257024	4037
257028	4038
257145	4039
257161	4040
257198	4041
257204	4042
257327	4043
257483	4044
257493	4045
257495	4046
257548	4047
257625	4048
257699	4049
257700	4050
257809	4051
258011	4052
258084	4053
258107	4054
258109	4055
258152	4056
258160	4057
258185	4058
258240	4059
258329	4060
258534	4061
258673	4062
258938	4063
258953	4064
259004	4065
259006	4066
259035	4067
259057	4068
259064	4069
259078	4070
259114	4071
259118	4072
259259	4073
259260	4074
259264	4075
259320	4076
259378	4077
259430	4078
259629	4079
259734	4080
259829	4081
259930	4082
260067	4083
260099	4084
260183	4085
260388	4086
260419	4087
260447	4088
260678	4089
260699	4090
260771	4091
260897	4092
260959	4093
261015	4094
261105	4095
261327	4096
261603	4097
261685	4098
261829	4099
261862	4100
261998	4101
262040	4102
262151	4103
262271	4104
262311	4105
262391	4106
262399	4107
262407	4108
262469	4109
262569	4110
262634	4111
262902	4112
263107	4113
263163	4114
263321	4115
263323	4116
263325	4117
263326	4118
263344	4119
263393	4120
263413	4121
263460	4122
263537	4123
263560	4124
263601	4125
263645	4126
263877	4127
264031	4128
264082	4129
264085	4130
264300	4131
264311	4132
264317	4133
264321	4134
264355	4135
264464	4136
264525	4137
264627	4138
264637	4139
264657	4140
264996	4141
265014	4142
265083	4143
265168	4144
265205	4145
265276	4146
265281	4147
265313	4148
265403	4149
265487	4150
265546	4151
265595	4152
265607	4153
265620	4154
265626	4155
265656	4156
265827	4157
265834	4158
265889	4159
265918	4160
266056	4161
266229	4162
266283	4163
266299	4164
266312	4165
266331	4166
266419	4167
266466	4168
266478	4169
266650	4170
266807	4171
266819	4172
266840	4173
266842	4174
266865	4175
266866	4176
266892	4177
267180	4178
267184	4179
267249	4180
267282	4181
267326	4182
267354	4183
267409	4184
267453	4185
267510	4186
267538	4187
267635	4188
267642	4189
267644	4190
267648	4191
267738	4192
267788	4193
268026	4194
268032	4195
268100	4196
268156	4197
268282	4198
268300	4199
268330	4200
268540	4201
268579	4202
268589	4203
268622	4204
268639	4205
268657	4206
268691	4207
268751	4208
268786	4209
268833	4210
268932	4211
269011	4212
269140	4213
269321	4214
269386	4215
269410	4216
269439	4217
269557	4218
269566	4219
269719	4220
269728	4221
269738	4222
269759	4223
269835	4224
269841	4225
269890	4226
269988	4227
270121	4228
270156	4229
270211	4230
270256	4231
270264	4232
270352	4233
270713	4234
270715	4235
270723	4236
270737	4237
270754	4238
270801	4239
270820	4240
270828	4241
270829	4242
270838	4243
270897	4244
270906	4245
271144	4246
271176	4247
271195	4248
271284	4249
271306	4250
271398	4251
271448	4252
271460	4253
271466	4254
271531	4255
271538	4256
271558	4257
271588	4258
271659	4259
271674	4260
271705	4261
272077	4262
272225	4263
272395	4264
272407	4265
272445	4266
272573	4267
272626	4268
272715	4269
272786	4270
272980	4271
273038	4272
273063	4273
273086	4274
273110	4275
273113	4276
273190	4277
273197	4278
273344	4279
273376	4280
273440	4281
273465	4282
273470	4283
273507	4284
273718	4285
273805	4286
273976	4287
273979	4288
273993	4289
274004	4290
274056	4291
274061	4292
274199	4293
274301	4294
274308	4295
274325	4296
274363	4297
274380	4298
274466	4299
274609	4300
274618	4301
274634	4302
274656	4303
274692	4304
274772	4305
274808	4306
274881	4307
274979	4308
274983	4309
275111	4310
275210	4311
275220	4312
275274	4313
275281	4314
275306	4315
275318	4316
275357	4317
275401	4318
275481	4319
275520	4320
275611	4321
275638	4322
275922	4323
275970	4324
275994	4325
276017	4326
276018	4327
276038	4328
276050	4329
276094	4330
276165	4331
276307	4332
276313	4333
276463	4334
276521	4335
276641	4336
276670	4337
276680	4338
276925	4339
276964	4340
277157	4341
277168	4342
277171	4343
277195	4344
277203	4345
277378	4346
277427	4347
277466	4348
277478	4349
277523	4350
277629	4351
277639	4352
277711	4353
277928	4354
277937	4355
278026	4356
278137	4357
278144	4358
278188	4359
278221	4360
278356	4361
278390	4362
278843	4363
