2	0
3	1
5	2
15	3
17	4
19	5
20	6
26	7
27	8
32	9
39	10
42	11
43	12
45	13
47	14
50	15
55	16
56	17
57	18
61	19
64	20
74	21
77	22
81	23
82	24
86	25
87	26
90	27
93	28
96	29
103	30
106	31
109	32
110	33
112	34
115	35
119	36
120	37
121	38
123	39
129	40
132	41
147	42
150	43
151	44
152	45
154	46
158	47
165	48
169	49
177	50
187	51
188	52
191	53
192	54
194	55
195	56
197	57
199	58
204	59
205	60
212	61
214	62
216	63
219	64
220	65
222	66
223	67
224	68
225	69
226	70
232	71
240	72
242	73
243	74
246	75
247	76
250	77
251	78
258	79
277	80
279	81
281	82
284	83
290	84
294	85
298	86
303	87
313	88
319	89
320	90
328	91
329	92
331	93
332	94
341	95
342	96
349	97
355	98
357	99
366	100
368	101
373	102
378	103
389	104
394	105
399	106
401	107
403	108
406	109
414	110
415	111
418	112
427	113
441	114
442	115
443	116
446	117
448	118
451	119
455	120
456	121
457	122
459	123
460	124
462	125
477	126
478	127
479	128
480	129
481	130
489	131
490	132
495	133
505	134
507	135
513	136
518	137
523	138
524	139
526	140
534	141
535	142
536	143
540	144
543	145
550	146
551	147
553	148
554	149
555	150
556	151
559	152
564	153
565	154
578	155
583	156
584	157
591	158
597	159
599	160
612	161
615	162
616	163
619	164
623	165
626	166
630	167
638	168
656	169
657	170
658	171
664	172
676	173
679	174
681	175
684	176
697	177
707	178
710	179
724	180
729	181
731	182
732	183
738	184
744	185
745	186
746	187
764	188
766	189
768	190
770	191
772	192
781	193
782	194
784	195
786	196
788	197
795	198
796	199
797	200
807	201
815	202
816	203
821	204
823	205
824	206
825	207
829	208
834	209
837	210
839	211
856	212
858	213
866	214
872	215
873	216
874	217
882	218
886	219
894	220
901	221
903	222
904	223
917	224
927	225
932	226
940	227
941	228
944	229
946	230
952	231
956	232
966	233
973	234
977	235
980	236
981	237
987	238
990	239
994	240
998	241
1008	242
1013	243
1015	244
1018	245
1020	246
1021	247
1026	248
1035	249
1037	250
1038	251
1048	252
1071	253
1077	254
1086	255
1087	256
1094	257
1108	258
1114	259
1119	260
1122	261
1125	262
1129	263
1135	264
1136	265
1146	266
1151	267
1153	268
1159	269
1168	270
1172	271
1181	272
1183	273
1191	274
1194	275
1197	276
1202	277
1208	278
1212	279
1217	280
1225	281
1226	282
1227	283
1233	284
1237	285
1242	286
1245	287
1247	288
1249	289
1267	290
1270	291
1273	292
1279	293
1282	294
1284	295
1285	296
1290	297
1291	298
1293	299
1294	300
1299	301
1312	302
1315	303
1316	304
1322	305
1324	306
1327	307
1331	308
1334	309
1336	310
1340	311
1353	312
1358	313
1370	314
1372	315
1376	316
1383	317
1384	318
1388	319
1397	320
1398	321
1399	322
1406	323
1413	324
1418	325
1422	326
1430	327
1434	328
1437	329
1441	330
1450	331
1452	332
1463	333
1466	334
1468	335
1488	336
1497	337
1504	338
1513	339
1523	340
1527	341
1529	342
1533	343
1535	344
1546	345
1547	346
1549	347
1560	348
1571	349
1572	350
1573	351
1574	352
1576	353
1578	354
1585	355
1595	356
1599	357
1617	358
1627	359
1628	360
1631	361
1644	362
1647	363
1652	364
1659	365
1663	366
1664	367
1668	368
1670	369
1675	370
1679	371
1680	372
1684	373
1694	374
1705	375
1732	376
1742	377
1747	378
1749	379
1752	380
1762	381
1770	382
1789	383
1795	384
1796	385
1810	386
1812	387
1814	388
1817	389
1827	390
1837	391
1844	392
1846	393
1853	394
1854	395
1855	396
1857	397
1861	398
1868	399
1870	400
1871	401
1873	402
1876	403
1881	404
1882	405
1887	406
1899	407
1902	408
1904	409
1913	410
1934	411
1935	412
1942	413
1947	414
1977	415
1978	416
2000	417
2007	418
2009	419
2010	420
2014	421
2016	422
2019	423
2023	424
2025	425
2037	426
2046	427
2050	428
2075	429
2076	430
2084	431
2085	432
2090	433
2095	434
2101	435
2102	436
2103	437
2104	438
2105	439
2117	440
2118	441
2128	442
2129	443
2130	444
2143	445
2146	446
2149	447
2155	448
2157	449
2172	450
2188	451
2189	452
2201	453
2216	454
2218	455
2222	456
2243	457
2244	458
2269	459
2270	460
2271	461
2280	462
2284	463
2287	464
2288	465
2294	466
2301	467
2332	468
2335	469
2336	470
2351	471
2354	472
2357	473
2363	474
2364	475
2365	476
2375	477
2376	478
2414	479
2415	480
2419	481
2420	482
2426	483
2441	484
2452	485
2453	486
2474	487
2478	488
2481	489
2482	490
2485	491
2491	492
2492	493
2499	494
2500	495
2502	496
2516	497
2517	498
2524	499
2525	500
2526	501
2553	502
2554	503
2558	504
2566	505
2574	506
2575	507
2583	508
2584	509
2593	510
2603	511
2605	512
2616	513
2627	514
2629	515
2639	516
2650	517
2655	518
2670	519
2672	520
2686	521
2692	522
2694	523
2715	524
2724	525
2737	526
2742	527
2757	528
2764	529
2766	530
2769	531
2771	532
2772	533
2819	534
2821	535
2832	536
2854	537
2860	538
2871	539
2879	540
2913	541
2920	542
2930	543
2942	544
2948	545
2949	546
2952	547
2954	548
3014	549
3022	550
3023	551
3040	552
3041	553
3051	554
3053	555
3073	556
3076	557
3102	558
3111	559
3112	560
3121	561
3128	562
3138	563
3139	564
3151	565
3156	566
3167	567
3170	568
3184	569
3196	570
3205	571
3206	572
3214	573
3219	574
3220	575
3221	576
3223	577
3226	578
3230	579
3243	580
3247	581
3255	582
3256	583
3265	584
3283	585
3287	586
3296	587
3298	588
3303	589
3305	590
3315	591
3350	592
3352	593
3355	594
3372	595
3375	596
3378	597
3382	598
3392	599
3393	600
3400	601
3422	602
3429	603
3430	604
3431	605
3472	606
3514	607
3515	608
3524	609
3525	610
3555	611
3565	612
3592	613
3616	614
3617	615
3618	616
3622	617
3625	618
3628	619
3646	620
3658	621
3677	622
3679	623
3680	624
3704	625
3709	626
3710	627
3722	628
3724	629
3736	630
3748	631
3752	632
3753	633
3754	634
3778	635
3784	636
3792	637
3799	638
3804	639
3814	640
3830	641
3832	642
3840	643
3852	644
3854	645
3883	646
3891	647
3896	648
3899	649
3905	650
3935	651
3946	652
3954	653
3963	654
3965	655
3967	656
3977	657
3987	658
3988	659
3991	660
4005	661
4012	662
4041	663
4048	664
4052	665
4053	666
4054	667
4059	668
4061	669
4062	670
4066	671
4080	672
4088	673
4091	674
4097	675
4101	676
4107	677
4109	678
4127	679
4130	680
4143	681
4148	682
4149	683
4157	684
4168	685
4180	686
4192	687
4210	688
4218	689
4227	690
4228	691
4232	692
4246	693
4247	694
4250	695
4251	696
4272	697
4277	698
4283	699
4286	700
4297	701
4308	702
4309	703
4314	704
4349	705
4356	706
4377	707
4387	708
4392	709
4395	710
4414	711
4429	712
4445	713
4450	714
4451	715
4462	716
4475	717
4477	718
4481	719
4486	720
4497	721
4506	722
4514	723
4517	724
4527	725
4553	726
4557	727
4565	728
4573	729
4574	730
4576	731
4581	732
4590	733
4599	734
4602	735
4609	736
4611	737
4615	738
4638	739
4640	740
4649	741
4652	742
4653	743
4669	744
4685	745
4692	746
4693	747
4702	748
4705	749
4706	750
4713	751
4724	752
4754	753
4773	754
4774	755
4783	756
4792	757
4805	758
4815	759
4817	760
4821	761
4822	762
4825	763
4828	764
4833	765
4855	766
4858	767
4861	768
4862	769
4873	770
4879	771
4884	772
4909	773
4912	774
4926	775
4966	776
4979	777
4981	778
4982	779
4990	780
4991	781
5002	782
5003	783
5008	784
5009	785
5012	786
5019	787
5022	788
5033	789
5038	790
5039	791
5040	792
5041	793
5042	794
5044	795
5047	796
5058	797
5066	798
5079	799
5088	800
5107	801
5109	802
5116	803
5121	804
5124	805
5136	806
5143	807
5148	808
5151	809
5184	810
5185	811
5243	812
5248	813
5249	814
5250	815
5253	816
5268	817
5277	818
5291	819
5295	820
5304	821
5332	822
5340	823
5352	824
5361	825
5365	826
5386	827
5407	828
5424	829
5432	830
5433	831
5440	832
5445	833
5449	834
5457	835
5468	836
5493	837
5494	838
5503	839
5510	840
5515	841
5530	842
5531	843
5536	844
5543	845
5545	846
5561	847
5573	848
5575	849
5578	850
5623	851
5632	852
5656	853
5668	854
5679	855
5701	856
5702	857
5719	858
5738	859
5743	860
5766	861
5793	862
5796	863
5798	864
5802	865
5806	866
5808	867
5819	868
5820	869
5834	870
5836	871
5863	872
5865	873
5867	874
5874	875
5897	876
5911	877
5927	878
5932	879
5935	880
5942	881
5972	882
5981	883
5988	884
6002	885
6015	886
6016	887
6028	888
6030	889
6031	890
6053	891
6054	892
6055	893
6062	894
6066	895
6078	896
6079	897
6091	898
6108	899
6112	900
6115	901
6118	902
6130	903
6132	904
6138	905
6140	906
6151	907
6166	908
6168	909
6176	910
6180	911
6193	912
6205	913
6207	914
6228	915
6262	916
6266	917
6270	918
6278	919
6300	920
6308	921
6316	922
6324	923
6338	924
6375	925
6383	926
6395	927
6400	928
6402	929
6405	930
6422	931
6426	932
6427	933
6430	934
6454	935
6460	936
6463	937
6469	938
6480	939
6484	940
6505	941
6506	942
6512	943
6566	944
6571	945
6630	946
6649	947
6655	948
6658	949
6664	950
6671	951
6705	952
6711	953
6712	954
6714	955
6718	956
6734	957
6736	958
6756	959
6779	960
6780	961
6782	962
6792	963
6799	964
6802	965
6822	966
6850	967
6854	968
6870	969
6879	970
6880	971
6904	972
6927	973
6935	974
6941	975
6952	976
6953	977
6972	978
6980	979
6985	980
7019	981
7022	982
7023	983
7038	984
7047	985
7051	986
7064	987
7073	988
7078	989
7093	990
7094	991
7099	992
7113	993
7141	994
7153	995
7163	996
7167	997
7196	998
7219	999
7237	1000
7241	1001
7256	1002
7258	1003
7278	1004
7286	1005
7348	1006
7357	1007
7367	1008
7372	1009
7387	1010
7389	1011
7391	1012
7399	1013
7411	1014
7430	1015
7431	1016
7440	1017
7442	1018
7444	1019
7449	1020
7451	1021
7461	1022
7463	1023
7467	1024
7470	1025
7476	1026
7483	1027
7486	1028
7502	1029
7511	1030
7517	1031
7543	1032
7544	1033
7564	1034
7571	1035
7572	1036
7576	1037
7589	1038
7592	1039
7618	1040
7624	1041
7661	1042
7693	1043
7697	1044
7704	1045
7720	1046
7736	1047
7741	1048
7742	1049
7750	1050
7763	1051
7764	1052
7767	1053
7778	1054
7779	1055
7783	1056
7802	1057
7803	1058
7854	1059
7877	1060
7886	1061
7896	1062
7898	1063
7901	1064
7922	1065
7924	1066
7927	1067
7946	1068
7947	1069
7977	1070
7999	1071
8010	1072
8013	1073
8020	1074
8022	1075
8049	1076
8053	1077
8054	1078
8075	1079
8083	1080
8087	1081
8094	1082
8097	1083
8099	1084
8120	1085
8125	1086
8142	1087
8162	1088
8165	1089
8170	1090
8172	1091
8179	1092
8182	1093
8186	1094
8194	1095
8203	1096
8204	1097
8208	1098
8212	1099
8235	1100
8238	1101
8239	1102
8243	1103
8260	1104
8266	1105
8286	1106
8326	1107
8333	1108
8367	1109
8376	1110
8377	1111
8382	1112
8383	1113
8390	1114
8395	1115
8410	1116
8411	1117
8412	1118
8417	1119
8420	1120
8423	1121
8440	1122
8452	1123
8455	1124
8460	1125
8461	1126
8484	1127
8494	1128
8508	1129
8541	1130
8554	1131
8557	1132
8581	1133
8596	1134
8622	1135
8636	1136
8655	1137
8656	1138
8684	1139
8692	1140
8694	1141
8698	1142
8703	1143
8710	1144
8733	1145
8758	1146
8771	1147
8794	1148
8801	1149
8805	1150
8809	1151
8815	1152
8843	1153
8853	1154
8869	1155
8872	1156
8873	1157
8920	1158
8922	1159
8933	1160
8936	1161
8937	1162
8951	1163
8962	1164
8973	1165
9005	1166
9020	1167
9037	1168
9039	1169
9040	1170
9045	1171
9055	1172
9057	1173
9067	1174
9098	1175
9112	1176
9150	1177
9166	1178
9179	1179
9182	1180
9191	1181
9199	1182
9201	1183
9258	1184
9261	1185
9281	1186
9282	1187
9294	1188
9327	1189
9332	1190
9334	1191
9365	1192
9373	1193
9384	1194
9422	1195
9425	1196
9426	1197
9471	1198
9498	1199
9519	1200
9522	1201
9525	1202
9546	1203
9548	1204
9563	1205
9572	1206
9602	1207
9606	1208
9613	1209
9615	1210
9655	1211
9658	1212
9668	1213
9684	1214
9686	1215
9713	1216
9722	1217
9764	1218
9780	1219
9783	1220
9790	1221
9810	1222
9820	1223
9822	1224
9844	1225
9861	1226
9877	1227
9880	1228
9886	1229
9887	1230
9889	1231
9895	1232
9903	1233
9933	1234
9983	1235
10027	1236
10043	1237
10044	1238
10046	1239
10050	1240
10067	1241
10070	1242
10074	1243
10089	1244
10096	1245
10104	1246
10114	1247
10134	1248
10140	1249
10143	1250
10157	1251
10159	1252
10200	1253
10208	1254
10216	1255
10220	1256
10232	1257
10245	1258
10265	1259
10276	1260
10286	1261
10295	1262
10314	1263
10322	1264
10360	1265
10367	1266
10369	1267
10371	1268
10372	1269
10386	1270
10389	1271
10407	1272
10425	1273
10427	1274
10430	1275
10455	1276
10464	1277
10475	1278
10482	1279
10509	1280
10515	1281
10518	1282
10527	1283
10531	1284
10540	1285
10556	1286
10557	1287
10564	1288
10606	1289
10607	1290
10608	1291
10616	1292
10625	1293
10626	1294
10664	1295
10667	1296
10673	1297
10675	1298
10676	1299
10680	1300
10682	1301
10694	1302
10711	1303
10716	1304
10723	1305
10730	1306
10744	1307
10755	1308
10780	1309
10784	1310
10785	1311
10797	1312
10799	1313
10818	1314
10869	1315
10886	1316
10906	1317
10915	1318
10916	1319
10945	1320
10959	1321
10993	1322
10999	1323
11044	1324
11059	1325
11065	1326
11079	1327
11080	1328
11094	1329
11116	1330
11125	1331
11127	1332
11128	1333
11150	1334
11158	1335
11178	1336
11194	1337
11226	1338
11240	1339
11244	1340
11261	1341
11276	1342
11292	1343
11310	1344
11320	1345
11322	1346
11330	1347
11381	1348
11382	1349
11400	1350
11433	1351
11438	1352
11470	1353
11475	1354
11491	1355
11522	1356
11528	1357
11529	1358
11532	1359
11536	1360
11546	1361
11547	1362
11551	1363
11555	1364
11559	1365
11562	1366
11566	1367
11592	1368
11609	1369
11632	1370
11649	1371
11653	1372
11659	1373
11663	1374
11674	1375
11676	1376
11684	1377
11723	1378
11749	1379
11759	1380
11766	1381
11792	1382
11804	1383
11806	1384
11812	1385
11820	1386
11822	1387
11860	1388
11864	1389
11868	1390
11886	1391
11897	1392
11899	1393
11910	1394
11912	1395
11942	1396
11948	1397
11975	1398
11977	1399
11978	1400
11996	1401
12001	1402
12007	1403
12017	1404
12056	1405
12058	1406
12092	1407
12094	1408
12115	1409
12126	1410
12170	1411
12172	1412
12177	1413
12193	1414
12261	1415
12272	1416
12288	1417
12302	1418
12308	1419
12309	1420
12317	1421
12329	1422
12334	1423
12367	1424
12373	1425
12376	1426
12378	1427
12379	1428
12386	1429
12392	1430
12426	1431
12458	1432
12464	1433
12466	1434
12491	1435
12523	1436
12525	1437
12526	1438
12531	1439
12534	1440
12551	1441
12560	1442
12562	1443
12574	1444
12578	1445
12581	1446
12601	1447
12603	1448
12621	1449
12629	1450
12636	1451
12637	1452
12653	1453
12655	1454
12694	1455
12706	1456
12718	1457
12727	1458
12743	1459
12744	1460
12771	1461
12778	1462
12790	1463
12793	1464
12805	1465
12849	1466
12876	1467
12908	1468
12928	1469
12937	1470
12951	1471
12953	1472
12971	1473
12979	1474
12985	1475
12986	1476
12994	1477
12999	1478
13042	1479
13048	1480
13052	1481
13060	1482
13111	1483
13129	1484
13170	1485
13184	1486
13236	1487
13243	1488
13264	1489
13307	1490
13338	1491
13371	1492
13373	1493
13408	1494
13427	1495
13433	1496
13437	1497
13464	1498
13483	1499
13488	1500
13491	1501
13498	1502
13562	1503
13563	1504
13564	1505
13583	1506
13600	1507
13664	1508
13687	1509
13703	1510
13719	1511
13727	1512
13728	1513
13732	1514
13733	1515
13738	1516
13751	1517
13754	1518
13757	1519
13761	1520
13770	1521
13784	1522
13787	1523
13795	1524
13812	1525
13851	1526
13854	1527
13862	1528
13866	1529
13874	1530
13880	1531
13885	1532
13901	1533
13929	1534
13948	1535
13982	1536
13995	1537
14026	1538
14046	1539
14065	1540
14076	1541
14078	1542
14148	1543
14154	1544
14155	1545
14181	1546
14198	1547
14204	1548
14225	1549
14229	1550
14251	1551
14258	1552
14259	1553
14279	1554
14288	1555
14317	1556
14328	1557
14339	1558
14344	1559
14373	1560
14378	1561
14383	1562
14385	1563
14386	1564
14400	1565
14413	1566
14417	1567
14422	1568
14468	1569
14471	1570
14491	1571
14500	1572
14504	1573
14510	1574
14525	1575
14536	1576
14546	1577
14553	1578
14555	1579
14567	1580
14575	1581
14584	1582
14594	1583
14607	1584
14662	1585
14677	1586
14681	1587
14701	1588
14710	1589
14711	1590
14741	1591
14774	1592
14781	1593
14791	1594
14793	1595
14794	1596
14803	1597
14812	1598
14836	1599
14846	1600
14848	1601
14867	1602
14875	1603
14919	1604
14930	1605
14937	1606
14954	1607
15027	1608
15035	1609
15050	1610
15079	1611
15091	1612
15106	1613
15118	1614
15122	1615
15159	1616
15161	1617
15256	1618
15269	1619
15280	1620
15281	1621
15332	1622
15346	1623
15349	1624
15356	1625
15367	1626
15413	1627
15429	1628
15435	1629
15440	1630
15441	1631
15453	1632
15472	1633
15494	1634
15507	1635
15509	1636
15588	1637
15595	1638
15603	1639
15610	1640
15628	1641
15646	1642
15653	1643
15680	1644
15682	1645
15712	1646
15732	1647
15779	1648
15781	1649
15790	1650
15794	1651
15808	1652
15832	1653
15842	1654
15867	1655
15869	1656
15881	1657
15882	1658
15890	1659
15900	1660
15918	1661
15949	1662
16017	1663
16034	1664
16043	1665
16129	1666
16144	1667
16146	1668
16158	1669
16223	1670
16244	1671
16246	1672
16249	1673
16261	1674
16263	1675
16272	1676
16276	1677
16316	1678
16321	1679
16327	1680
16328	1681
16333	1682
16334	1683
16363	1684
16380	1685
16381	1686
16399	1687
16428	1688
16434	1689
16508	1690
16519	1691
16543	1692
16558	1693
16593	1694
16616	1695
16626	1696
16631	1697
16636	1698
16647	1699
16673	1700
16679	1701
16684	1702
16695	1703
16698	1704
16744	1705
16783	1706
16784	1707
16832	1708
16847	1709
16851	1710
16862	1711
16865	1712
16876	1713
16885	1714
16939	1715
16940	1716
16941	1717
16944	1718
16945	1719
16949	1720
16965	1721
16973	1722
16975	1723
16983	1724
16998	1725
17079	1726
17081	1727
17121	1728
17131	1729
17133	1730
17134	1731
17160	1732
17162	1733
17164	1734
17190	1735
17227	1736
17234	1737
17301	1738
17345	1739
17369	1740
17371	1741
17384	1742
17454	1743
17466	1744
17471	1745
17491	1746
17514	1747
17517	1748
17525	1749
17556	1750
17557	1751
17564	1752
17590	1753
17599	1754
17604	1755
17623	1756
17645	1757
17649	1758
17653	1759
17655	1760
17671	1761
17672	1762
17686	1763
17688	1764
17713	1765
17753	1766
17754	1767
17762	1768
17770	1769
17774	1770
17791	1771
17806	1772
17812	1773
17829	1774
17859	1775
17861	1776
17878	1777
17879	1778
17884	1779
17886	1780
17889	1781
17907	1782
17952	1783
17968	1784
17972	1785
17986	1786
17997	1787
18000	1788
18006	1789
18016	1790
18021	1791
18043	1792
18063	1793
18081	1794
18083	1795
18096	1796
18097	1797
18108	1798
18121	1799
18130	1800
18149	1801
18203	1802
18207	1803
18208	1804
18227	1805
18272	1806
18287	1807
18300	1808
18330	1809
18347	1810
18353	1811
18359	1812
18366	1813
18375	1814
18441	1815
18459	1816
18467	1817
18487	1818
18498	1819
18500	1820
18574	1821
18579	1822
18593	1823
18611	1824
18632	1825
18635	1826
18643	1827
18653	1828
18676	1829
18703	1830
18717	1831
18720	1832
18805	1833
18814	1834
18850	1835
18892	1836
18894	1837
18946	1838
18964	1839
18968	1840
18974	1841
18980	1842
18988	1843
19018	1844
19035	1845
19047	1846
19062	1847
19125	1848
19147	1849
19161	1850
19194	1851
19198	1852
19223	1853
19227	1854
19246	1855
19249	1856
19260	1857
19264	1858
19276	1859
19284	1860
19313	1861
19372	1862
19376	1863
19398	1864
19402	1865
19409	1866
19413	1867
19417	1868
19421	1869
19439	1870
19460	1871
19492	1872
19493	1873
19496	1874
19509	1875
19525	1876
19535	1877
19564	1878
19604	1879
19608	1880
19620	1881
19627	1882
19653	1883
19680	1884
19700	1885
19705	1886
19730	1887
19738	1888
19739	1889
19746	1890
19765	1891
19770	1892
19779	1893
19803	1894
19808	1895
19871	1896
19874	1897
19893	1898
19931	1899
19975	1900
20008	1901
20015	1902
20024	1903
20055	1904
20064	1905
20092	1906
20103	1907
20109	1908
20112	1909
20115	1910
20122	1911
20141	1912
20175	1913
20179	1914
20181	1915
20221	1916
20250	1917
20269	1918
20271	1919
20294	1920
20327	1921
20350	1922
20352	1923
20360	1924
20372	1925
20390	1926
20392	1927
20416	1928
20456	1929
20458	1930
20493	1931
20498	1932
20544	1933
20550	1934
20561	1935
20643	1936
20674	1937
20678	1938
20727	1939
20734	1940
20768	1941
20772	1942
20773	1943
20778	1944
20786	1945
20787	1946
20793	1947
20833	1948
20841	1949
20858	1950
20895	1951
20897	1952
20906	1953
20954	1954
20960	1955
20996	1956
21018	1957
21038	1958
21041	1959
21064	1960
21074	1961
21084	1962
21163	1963
21164	1964
21167	1965
21172	1966
21174	1967
21179	1968
21188	1969
21190	1970
21200	1971
21207	1972
21237	1973
21247	1974
21258	1975
21289	1976
21301	1977
21310	1978
21345	1979
21359	1980
21360	1981
21365	1982
21404	1983
21406	1984
21427	1985
21577	1986
21591	1987
21596	1988
21599	1989
21624	1990
21626	1991
21685	1992
21687	1993
21696	1994
21697	1995
21698	1996
21702	1997
21707	1998
21730	1999
21769	2000
21792	2001
21800	2002
21803	2003
21816	2004
21827	2005
21834	2006
21841	2007
21849	2008
21894	2009
21902	2010
21962	2011
21970	2012
22009	2013
22023	2014
22051	2015
22084	2016
22100	2017
22101	2018
22114	2019
22136	2020
22154	2021
22198	2022
22199	2023
22339	2024
22367	2025
22383	2026
22384	2027
22396	2028
22424	2029
22425	2030
22435	2031
22464	2032
22523	2033
22544	2034
22553	2035
22609	2036
22638	2037
22650	2038
22664	2039
22678	2040
22728	2041
22757	2042
22772	2043
22786	2044
22808	2045
22817	2046
22819	2047
22924	2048
22927	2049
22928	2050
22961	2051
22964	2052
22970	2053
22973	2054
23045	2055
23061	2056
23064	2057
23072	2058
23098	2059
23133	2060
23194	2061
23211	2062
23220	2063
23230	2064
23231	2065
23256	2066
23257	2067
23260	2068
23265	2069
23268	2070
23281	2071
23329	2072
23339	2073
23340	2074
23344	2075
23353	2076
23391	2077
23395	2078
23432	2079
23435	2080
23463	2081
23487	2082
23490	2083
23496	2084
23497	2085
23502	2086
23504	2087
23511	2088
23534	2089
23565	2090
23576	2091
23598	2092
23664	2093
23671	2094
23691	2095
23705	2096
23706	2097
23708	2098
23718	2099
23732	2100
23748	2101
23755	2102
23794	2103
23796	2104
23801	2105
23820	2106
23840	2107
23853	2108
23861	2109
23874	2110
23912	2111
24015	2112
24017	2113
24027	2114
24116	2115
24119	2116
24149	2117
24190	2118
24195	2119
24204	2120
24205	2121
24214	2122
24215	2123
24245	2124
24254	2125
24263	2126
24267	2127
24275	2128
24291	2129
24298	2130
24313	2131
24326	2132
24344	2133
24349	2134
24370	2135
24387	2136
24397	2137
24461	2138
24497	2139
24498	2140
24500	2141
24512	2142
24527	2143
24556	2144
24594	2145
24604	2146
24606	2147
24655	2148
24664	2149
24687	2150
24712	2151
24756	2152
24771	2153
24827	2154
24832	2155
24845	2156
24875	2157
24882	2158
24884	2159
24933	2160
24995	2161
24997	2162
24998	2163
25008	2164
25024	2165
25033	2166
25047	2167
25060	2168
25100	2169
25104	2170
25142	2171
25145	2172
25148	2173
25156	2174
25161	2175
25171	2176
25198	2177
25212	2178
25255	2179
25263	2180
25268	2181
25271	2182
25272	2183
25279	2184
25283	2185
25291	2186
25304	2187
25314	2188
25333	2189
25350	2190
25437	2191
25448	2192
25460	2193
25472	2194
25475	2195
25476	2196
25484	2197
25487	2198
25528	2199
25539	2200
25569	2201
25599	2202
25612	2203
25620	2204
25622	2205
25633	2206
25691	2207
25694	2208
25707	2209
25725	2210
25776	2211
25781	2212
25829	2213
25905	2214
25910	2215
25915	2216
25925	2217
25942	2218
26016	2219
26048	2220
26051	2221
26073	2222
26076	2223
26077	2224
26080	2225
26092	2226
26097	2227
26110	2228
26127	2229
26140	2230
26142	2231
26233	2232
26276	2233
26281	2234
26292	2235
26302	2236
26325	2237
26332	2238
26346	2239
26360	2240
26382	2241
26424	2242
26445	2243
26452	2244
26470	2245
26473	2246
26474	2247
26513	2248
26520	2249
26582	2250
26620	2251
26636	2252
26646	2253
26655	2254
26658	2255
26679	2256
26692	2257
26720	2258
26791	2259
26803	2260
26818	2261
26824	2262
26827	2263
26828	2264
26829	2265
26830	2266
26859	2267
26863	2268
26905	2269
26961	2270
26966	2271
26979	2272
26982	2273
26983	2274
26984	2275
26990	2276
26993	2277
27001	2278
27007	2279
27008	2280
27023	2281
27030	2282
27034	2283
27051	2284
27058	2285
27064	2286
27158	2287
27159	2288
27161	2289
27165	2290
27167	2291
27188	2292
27193	2293
27224	2294
27227	2295
27228	2296
27237	2297
27242	2298
27246	2299
27276	2300
27284	2301
27359	2302
27405	2303
27420	2304
27465	2305
27552	2306
27564	2307
27572	2308
27573	2309
27574	2310
27605	2311
27606	2312
27607	2313
27610	2314
27612	2315
27638	2316
27648	2317
27656	2318
27664	2319
27677	2320
27687	2321
27689	2322
27693	2323
27705	2324
27708	2325
27722	2326
27764	2327
27842	2328
27880	2329
27904	2330
27913	2331
27914	2332
27921	2333
27926	2334
27982	2335
27985	2336
28006	2337
28031	2338
28032	2339
28103	2340
28145	2341
28186	2342
28204	2343
28213	2344
28216	2345
28260	2346
28270	2347
28284	2348
28311	2349
28406	2350
28432	2351
28441	2352
28452	2353
28477	2354
28478	2355
28485	2356
28490	2357
28519	2358
28556	2359
28620	2360
28625	2361
28631	2362
28666	2363
28681	2364
28690	2365
28812	2366
28825	2367
28831	2368
28882	2369
29036	2370
29040	2371
29044	2372
29061	2373
29083	2374
29087	2375
29100	2376
29117	2377
29128	2378
29160	2379
29169	2380
29197	2381
29209	2382
29222	2383
29223	2384
29224	2385
29232	2386
29282	2387
29285	2388
29319	2389
29357	2390
29365	2391
29414	2392
29419	2393
29443	2394
29466	2395
29468	2396
29484	2397
29496	2398
29513	2399
29522	2400
29528	2401
29553	2402
29567	2403
29589	2404
29631	2405
29633	2406
29665	2407
29674	2408
29680	2409
29709	2410
29717	2411
29761	2412
29765	2413
29835	2414
29838	2415
29899	2416
29918	2417
29926	2418
29942	2419
30006	2420
30044	2421
30051	2422
30085	2423
30091	2424
30123	2425
30132	2426
30154	2427
30195	2428
30243	2429
30260	2430
30265	2431
30275	2432
30286	2433
30290	2434
30297	2435
30318	2436
30326	2437
30338	2438
30385	2439
30413	2440
30424	2441
30431	2442
30439	2443
30442	2444
30448	2445
30467	2446
30502	2447
30542	2448
30553	2449
30601	2450
30618	2451
30664	2452
30679	2453
30713	2454
30722	2455
30729	2456
30731	2457
30744	2458
30750	2459
30786	2460
30801	2461
30805	2462
30826	2463
30859	2464
30885	2465
30888	2466
30895	2467
30929	2468
30938	2469
30960	2470
30971	2471
30988	2472
30996	2473
31003	2474
31074	2475
31081	2476
31092	2477
31129	2478
31158	2479
31169	2480
31181	2481
31196	2482
31202	2483
31230	2484
31237	2485
31322	2486
31327	2487
31356	2488
31371	2489
31377	2490
31378	2491
31387	2492
31411	2493
31414	2494
31428	2495
31474	2496
31484	2497
31489	2498
31564	2499
31570	2500
31584	2501
31586	2502
31605	2503
31620	2504
31626	2505
31646	2506
31650	2507
31787	2508
31793	2509
31839	2510
31875	2511
31891	2512
31903	2513
31906	2514
31910	2515
31997	2516
32000	2517
32007	2518
32060	2519
32067	2520
32070	2521
32089	2522
32090	2523
32104	2524
32113	2525
32152	2526
32157	2527
32158	2528
32185	2529
32228	2530
32237	2531
32264	2532
32281	2533
32301	2534
32302	2535
32314	2536
32317	2537
32340	2538
32400	2539
32601	2540
32605	2541
32633	2542
32650	2543
32699	2544
32709	2545
32710	2546
32718	2547
32719	2548
32722	2549
32757	2550
32768	2551
32789	2552
32824	2553
32827	2554
32840	2555
32845	2556
32928	2557
32937	2558
32948	2559
32959	2560
33001	2561
33006	2562
33007	2563
33017	2564
33055	2565
33069	2566
33121	2567
33134	2568
33160	2569
33176	2570
33197	2571
33203	2572
33212	2573
33251	2574
33253	2575
33256	2576
33259	2577
33264	2578
33276	2579
33287	2580
33312	2581
33322	2582
33364	2583
33405	2584
33406	2585
33412	2586
33422	2587
33423	2588
33430	2589
33434	2590
33445	2591
33448	2592
33498	2593
33539	2594
33568	2595
33612	2596
33639	2597
33669	2598
33686	2599
33743	2600
33744	2601
33790	2602
33802	2603
33923	2604
33936	2605
33954	2606
33960	2607
33995	2608
33996	2609
34028	2610
34034	2611
34092	2612
34168	2613
34177	2614
34188	2615
34218	2616
34246	2617
34248	2618
34250	2619
34283	2620
34288	2621
34289	2622
34313	2623
34355	2624
34398	2625
34406	2626
34409	2627
34422	2628
34455	2629
34476	2630
34494	2631
34496	2632
34509	2633
34510	2634
34585	2635
34612	2636
34707	2637
34726	2638
34729	2639
34737	2640
34751	2641
34752	2642
34820	2643
34870	2644
34874	2645
34913	2646
34916	2647
34919	2648
34940	2649
34946	2650
34950	2651
34986	2652
35002	2653
35057	2654
35078	2655
35086	2656
35091	2657
35144	2658
35190	2659
35205	2660
35210	2661
35216	2662
35231	2663
35233	2664
35251	2665
35256	2666
35276	2667
35295	2668
35297	2669
35343	2670
35371	2671
35398	2672
35401	2673
35454	2674
35466	2675
35474	2676
35498	2677
35502	2678
35544	2679
35563	2680
35592	2681
35648	2682
35713	2683
35721	2684
35764	2685
35815	2686
35818	2687
35850	2688
35853	2689
35872	2690
35915	2691
35919	2692
36034	2693
36071	2694
36089	2695
36113	2696
36115	2697
36130	2698
36141	2699
36176	2700
36179	2701
36180	2702
36247	2703
36270	2704
36272	2705
36286	2706
36301	2707
36303	2708
36337	2709
36397	2710
36421	2711
36425	2712
36428	2713
36522	2714
36528	2715
36541	2716
36542	2717
36560	2718
36572	2719
36613	2720
36619	2721
36631	2722
36646	2723
36647	2724
36672	2725
36740	2726
36753	2727
36798	2728
36806	2729
36830	2730
36832	2731
36877	2732
36880	2733
36905	2734
37031	2735
37032	2736
37055	2737
37076	2738
37139	2739
37143	2740
37212	2741
37218	2742
37245	2743
37253	2744
37320	2745
37322	2746
37352	2747
37371	2748
37375	2749
37417	2750
37431	2751
37479	2752
37487	2753
37561	2754
37639	2755
37640	2756
37641	2757
37645	2758
37664	2759
37675	2760
37707	2761
37711	2762
37725	2763
37733	2764
37739	2765
37760	2766
37761	2767
37780	2768
37825	2769
37859	2770
37941	2771
37946	2772
37948	2773
37957	2774
37959	2775
37972	2776
37978	2777
38007	2778
38021	2779
38043	2780
38082	2781
38113	2782
38131	2783
38142	2784
38204	2785
38257	2786
38264	2787
38294	2788
38311	2789
38321	2790
38350	2791
38361	2792
38390	2793
38403	2794
38433	2795
38468	2796
38528	2797
38550	2798
38552	2799
38554	2800
38667	2801
38668	2802
38682	2803
38684	2804
38746	2805
38773	2806
38786	2807
38846	2808
38854	2809
38855	2810
38876	2811
38878	2812
38913	2813
38914	2814
38922	2815
38946	2816
38950	2817
39002	2818
39004	2819
39034	2820
39077	2821
39090	2822
39094	2823
39095	2824
39100	2825
39118	2826
39125	2827
39138	2828
39139	2829
39163	2830
39179	2831
39181	2832
39198	2833
39216	2834
39227	2835
39240	2836
39276	2837
39390	2838
39403	2839
39411	2840
39414	2841
39415	2842
39423	2843
39436	2844
39440	2845
39480	2846
39483	2847
39509	2848
39530	2849
39551	2850
39558	2851
39567	2852
39607	2853
39612	2854
39628	2855
39660	2856
39663	2857
39667	2858
39668	2859
39734	2860
39768	2861
39781	2862
39806	2863
39828	2864
39831	2865
39832	2866
39845	2867
39851	2868
39852	2869
39855	2870
39882	2871
39920	2872
39959	2873
40004	2874
40049	2875
40057	2876
40059	2877
40062	2878
40077	2879
40133	2880
40143	2881
40145	2882
40153	2883
40192	2884
40235	2885
40255	2886
40269	2887
40272	2888
40281	2889
40329	2890
40346	2891
40353	2892
40366	2893
40379	2894
40409	2895
40425	2896
40429	2897
40457	2898
40489	2899
40518	2900
40521	2901
40630	2902
40678	2903
40700	2904
40714	2905
40724	2906
40733	2907
40748	2908
40750	2909
40752	2910
40753	2911
40756	2912
40764	2913
40803	2914
40872	2915
40892	2916
40909	2917
40987	2918
40998	2919
41025	2920
41036	2921
41138	2922
41168	2923
41198	2924
41223	2925
41261	2926
41267	2927
41289	2928
41330	2929
41336	2930
41342	2931
41352	2932
41396	2933
41408	2934
41419	2935
41430	2936
41457	2937
41469	2938
41523	2939
41539	2940
41556	2941
41619	2942
41629	2943
41642	2944
41648	2945
41655	2946
41661	2947
41720	2948
41730	2949
41872	2950
41930	2951
41967	2952
41984	2953
42185	2954
42190	2955
42206	2956
42252	2957
42275	2958
42295	2959
42296	2960
42299	2961
42314	2962
42320	2963
42335	2964
42337	2965
42362	2966
42365	2967
42388	2968
42493	2969
42497	2970
42524	2971
42572	2972
42594	2973
42613	2974
42620	2975
42681	2976
42682	2977
42695	2978
42733	2979
42941	2980
42944	2981
43001	2982
43002	2983
43007	2984
43024	2985
43080	2986
43088	2987
43131	2988
43176	2989
43189	2990
43225	2991
43227	2992
43229	2993
43242	2994
43245	2995
43274	2996
43287	2997
43293	2998
43294	2999
43328	3000
43329	3001
43340	3002
43357	3003
43359	3004
43382	3005
43411	3006
43447	3007
43499	3008
43588	3009
43603	3010
43607	3011
43612	3012
43649	3013
43659	3014
43683	3015
43699	3016
43726	3017
43751	3018
43941	3019
43967	3020
44008	3021
44015	3022
44036	3023
44038	3024
44056	3025
44072	3026
44284	3027
44310	3028
44324	3029
44364	3030
44365	3031
44370	3032
44399	3033
44403	3034
44528	3035
44533	3036
44536	3037
44617	3038
44637	3039
44641	3040
44680	3041
44683	3042
44685	3043
44698	3044
44699	3045
44745	3046
44761	3047
44769	3048
44806	3049
44853	3050
44857	3051
44881	3052
44902	3053
44977	3054
44984	3055
45002	3056
45014	3057
45040	3058
45043	3059
45075	3060
45082	3061
45110	3062
45129	3063
45139	3064
45197	3065
45230	3066
45263	3067
45276	3068
45279	3069
45305	3070
45331	3071
45332	3072
45337	3073
45362	3074
45399	3075
45404	3076
45411	3077
45438	3078
45510	3079
45544	3080
45562	3081
45604	3082
45677	3083
45684	3084
45736	3085
45744	3086
45747	3087
45768	3088
45774	3089
45776	3090
45827	3091
45898	3092
45957	3093
45984	3094
45994	3095
46005	3096
46021	3097
46078	3098
46097	3099
46101	3100
46111	3101
46118	3102
46146	3103
46150	3104
46158	3105
46193	3106
46197	3107
46208	3108
46409	3109
46417	3110
46424	3111
46441	3112
46576	3113
46577	3114
46587	3115
46625	3116
46774	3117
46808	3118
46875	3119
46890	3120
46900	3121
46902	3122
46904	3123
46908	3124
46928	3125
46975	3126
47006	3127
47084	3128
47111	3129
47160	3130
47175	3131
47200	3132
47232	3133
47236	3134
47265	3135
47301	3136
47322	3137
47326	3138
47355	3139
47448	3140
47483	3141
47612	3142
47649	3143
47651	3144
47656	3145
47659	3146
47707	3147
47757	3148
47785	3149
47799	3150
47802	3151
47836	3152
47846	3153
47866	3154
47955	3155
47963	3156
47984	3157
47985	3158
47996	3159
48001	3160
48013	3161
48079	3162
48095	3163
48117	3164
48126	3165
48151	3166
48217	3167
48222	3168
48282	3169
48295	3170
48401	3171
48405	3172
48408	3173
48417	3174
48429	3175
48445	3176
48468	3177
48498	3178
48517	3179
48538	3180
48546	3181
48599	3182
48603	3183
48662	3184
48670	3185
48688	3186
48691	3187
48705	3188
48778	3189
48787	3190
48806	3191
48812	3192
48866	3193
48920	3194
49027	3195
49029	3196
49116	3197
49200	3198
49230	3199
49293	3200
49322	3201
49324	3202
49329	3203
49373	3204
49397	3205
49412	3206
49414	3207
49427	3208
49472	3209
49575	3210
49600	3211
49620	3212
49692	3213
49704	3214
49705	3215
49708	3216
49712	3217
49757	3218
49762	3219
49843	3220
49915	3221
49998	3222
50021	3223
50029	3224
50030	3225
50035	3226
50086	3227
50103	3228
50128	3229
50133	3230
50136	3231
50137	3232
50167	3233
50168	3234
50250	3235
50257	3236
50280	3237
50338	3238
50339	3239
50501	3240
50531	3241
50534	3242
50561	3243
50592	3244
50605	3245
50670	3246
50671	3247
50789	3248
50802	3249
50805	3250
50819	3251
50823	3252
50825	3253
50856	3254
50867	3255
50889	3256
50893	3257
50903	3258
50931	3259
50953	3260
50976	3261
50999	3262
51018	3263
51023	3264
51026	3265
51065	3266
51078	3267
51152	3268
51221	3269
51267	3270
51328	3271
51368	3272
51385	3273
51447	3274
51505	3275
51565	3276
51643	3277
51679	3278
51729	3279
51779	3280
51795	3281
51810	3282
51827	3283
51891	3284
51925	3285
51940	3286
51945	3287
51991	3288
51996	3289
52105	3290
52117	3291
52121	3292
52153	3293
52213	3294
52255	3295
52386	3296
52467	3297
52597	3298
52651	3299
52657	3300
52684	3301
52782	3302
52896	3303
52924	3304
52975	3305
53032	3306
53033	3307
53055	3308
53058	3309
53094	3310
53139	3311
53168	3312
53172	3313
53233	3314
53260	3315
53283	3316
53370	3317
53375	3318
53441	3319
53446	3320
53463	3321
53506	3322
53519	3323
53522	3324
53541	3325
53549	3326
53560	3327
53565	3328
53566	3329
53569	3330
53595	3331
53596	3332
53598	3333
53599	3334
53625	3335
53640	3336
53693	3337
53819	3338
53841	3339
53845	3340
53923	3341
53940	3342
53955	3343
53990	3344
53993	3345
54004	3346
54046	3347
54065	3348
54077	3349
54083	3350
54108	3351
54109	3352
54120	3353
54200	3354
54231	3355
54422	3356
54435	3357
54440	3358
54482	3359
54494	3360
54521	3361
54551	3362
54553	3363
54557	3364
54562	3365
54613	3366
54647	3367
54717	3368
54722	3369
54750	3370
54861	3371
54866	3372
54898	3373
54903	3374
54914	3375
54930	3376
55005	3377
55007	3378
55008	3379
55013	3380
55022	3381
55094	3382
55159	3383
55181	3384
55232	3385
55234	3386
55259	3387
55309	3388
55350	3389
55355	3390
55368	3391
55384	3392
55390	3393
55399	3394
55442	3395
55461	3396
55487	3397
55491	3398
55509	3399
55514	3400
55518	3401
55530	3402
55543	3403
55604	3404
55657	3405
55670	3406
55672	3407
55687	3408
55688	3409
55791	3410
55811	3411
55831	3412
55861	3413
55923	3414
55924	3415
55926	3416
55951	3417
55956	3418
55967	3419
56021	3420
56022	3421
56050	3422
56108	3423
56186	3424
56219	3425
56268	3426
56278	3427
56298	3428
56303	3429
56304	3430
56307	3431
56311	3432
56312	3433
56314	3434
56342	3435
56412	3436
56437	3437
56476	3438
56518	3439
56537	3440
56545	3441
56555	3442
56754	3443
56823	3444
56837	3445
56845	3446
56850	3447
56867	3448
56907	3449
56942	3450
56948	3451
56981	3452
56985	3453
57194	3454
57237	3455
57335	3456
57379	3457
57384	3458
57387	3459
57414	3460
57418	3461
57425	3462
57468	3463
57483	3464
57506	3465
57523	3466
57593	3467
57601	3468
57620	3469
57671	3470
57721	3471
57851	3472
57857	3473
57891	3474
57893	3475
57908	3476
57923	3477
57976	3478
57991	3479
58018	3480
58019	3481
58022	3482
58025	3483
58061	3484
58070	3485
58072	3486
58083	3487
58094	3488
58137	3489
58142	3490
58244	3491
58330	3492
58347	3493
58349	3494
58353	3495
58356	3496
58395	3497
58398	3498
58399	3499
58403	3500
58404	3501
58458	3502
58474	3503
58517	3504
58592	3505
58619	3506
58676	3507
58728	3508
58772	3509
58787	3510
58821	3511
58844	3512
58857	3513
58863	3514
58864	3515
58869	3516
58876	3517
58900	3518
58913	3519
58971	3520
59012	3521
59041	3522
59091	3523
59125	3524
59149	3525
59203	3526
59232	3527
59262	3528
59368	3529
59400	3530
59402	3531
59470	3532
59481	3533
59490	3534
59510	3535
59515	3536
59527	3537
59529	3538
59530	3539
59532	3540
59540	3541
59553	3542
59578	3543
59597	3544
59667	3545
59731	3546
59778	3547
59800	3548
59803	3549
59808	3550
59818	3551
59833	3552
59837	3553
59878	3554
59883	3555
59893	3556
59987	3557
59992	3558
60035	3559
60121	3560
60156	3561
60157	3562
60189	3563
60200	3564
60284	3565
60326	3566
60335	3567
60351	3568
60359	3569
60367	3570
60371	3571
60373	3572
60443	3573
60475	3574
60506	3575
60522	3576
60534	3577
60576	3578
60666	3579
60857	3580
60860	3581
60885	3582
60888	3583
60938	3584
60945	3585
60954	3586
60970	3587
60976	3588
60982	3589
61089	3590
61122	3591
61249	3592
61312	3593
61314	3594
61370	3595
61420	3596
61458	3597
61467	3598
61524	3599
61525	3600
61551	3601
61562	3602
61600	3603
61634	3604
61641	3605
61664	3606
61735	3607
61842	3608
61859	3609
61877	3610
61878	3611
61880	3612
61929	3613
61944	3614
61977	3615
61984	3616
61986	3617
61996	3618
62001	3619
62030	3620
62061	3621
62086	3622
62093	3623
62228	3624
62258	3625
62299	3626
62306	3627
62344	3628
62439	3629
62461	3630
62484	3631
62490	3632
62516	3633
62542	3634
62556	3635
62585	3636
62586	3637
62588	3638
62658	3639
62682	3640
62853	3641
62981	3642
63007	3643
63009	3644
63031	3645
63065	3646
63083	3647
63126	3648
63165	3649
63176	3650
63192	3651
63193	3652
63238	3653
63246	3654
63254	3655
63262	3656
63378	3657
63537	3658
63550	3659
63710	3660
63712	3661
63740	3662
63742	3663
63765	3664
63804	3665
63805	3666
63817	3667
63824	3668
63863	3669
63956	3670
63959	3671
64015	3672
64025	3673
64110	3674
64111	3675
64159	3676
64193	3677
64298	3678
64301	3679
64337	3680
64356	3681
64412	3682
64454	3683
64520	3684
64558	3685
64760	3686
64776	3687
64779	3688
64886	3689
64897	3690
64917	3691
64918	3692
64943	3693
64968	3694
65001	3695
65013	3696
65023	3697
65099	3698
65125	3699
65127	3700
65146	3701
65155	3702
65188	3703
65194	3704
65212	3705
65215	3706
65290	3707
65329	3708
65343	3709
65346	3710
65363	3711
65371	3712
65377	3713
65416	3714
65467	3715
65468	3716
65469	3717
65470	3718
65471	3719
65498	3720
65524	3721
65535	3722
65542	3723
65578	3724
65606	3725
65629	3726
65685	3727
65694	3728
65875	3729
65876	3730
65902	3731
65993	3732
66080	3733
66122	3734
66136	3735
66167	3736
66204	3737
66221	3738
66232	3739
66244	3740
66267	3741
66277	3742
66306	3743
66333	3744
66418	3745
66446	3746
66450	3747
66471	3748
66483	3749
66501	3750
66517	3751
66584	3752
66586	3753
66607	3754
66665	3755
66669	3756
66915	3757
66933	3758
66955	3759
67034	3760
67069	3761
67112	3762
67171	3763
67208	3764
67244	3765
67293	3766
67302	3767
67309	3768
67368	3769
67375	3770
67392	3771
67448	3772
67472	3773
67589	3774
67631	3775
67632	3776
67668	3777
67690	3778
67744	3779
67747	3780
67762	3781
67767	3782
67771	3783
67776	3784
67812	3785
67819	3786
67856	3787
67904	3788
67924	3789
67930	3790
68044	3791
68190	3792
68219	3793
68309	3794
68310	3795
68321	3796
68323	3797
68414	3798
68441	3799
68479	3800
68531	3801
68541	3802
68544	3803
68599	3804
68665	3805
68744	3806
68756	3807
68836	3808
68842	3809
68864	3810
68930	3811
68963	3812
68976	3813
69089	3814
69110	3815
69122	3816
69143	3817
69151	3818
69198	3819
69298	3820
69359	3821
69385	3822
69401	3823
69475	3824
69532	3825
69545	3826
69580	3827
69594	3828
69601	3829
69640	3830
69686	3831
69696	3832
69747	3833
69752	3834
69783	3835
69790	3836
69811	3837
69859	3838
69873	3839
69902	3840
69940	3841
69951	3842
69977	3843
70033	3844
70039	3845
70045	3846
70055	3847
70076	3848
70202	3849
70211	3850
70233	3851
70254	3852
70262	3853
70264	3854
70266	3855
70269	3856
70271	3857
70332	3858
70362	3859
70378	3860
70380	3861
70384	3862
70397	3863
70426	3864
70676	3865
70699	3866
70708	3867
70743	3868
70794	3869
70865	3870
70871	3871
70993	3872
71027	3873
71029	3874
71031	3875
71035	3876
71050	3877
71067	3878
71068	3879
71069	3880
71082	3881
71092	3882
71106	3883
71116	3884
71123	3885
71232	3886
71317	3887
71367	3888
71497	3889
71508	3890
71567	3891
71626	3892
71701	3893
71713	3894
71724	3895
71791	3896
72010	3897
72049	3898
72123	3899
72149	3900
72152	3901
72156	3902
72160	3903
72161	3904
72207	3905
72240	3906
72246	3907
72252	3908
72274	3909
72287	3910
72313	3911
72314	3912
72319	3913
72327	3914
72337	3915
72443	3916
72509	3917
72660	3918
72721	3919
72751	3920
72785	3921
72787	3922
72790	3923
72812	3924
72824	3925
72829	3926
72842	3927
72921	3928
73014	3929
73027	3930
73057	3931
73079	3932
73138	3933
73208	3934
73248	3935
73277	3936
73293	3937
73368	3938
73372	3939
73478	3940
73496	3941
73499	3942
73521	3943
73541	3944
73547	3945
73550	3946
73576	3947
73622	3948
73642	3949
73664	3950
73670	3951
73690	3952
73693	3953
73694	3954
73739	3955
73828	3956
74094	3957
74123	3958
74226	3959
74258	3960
74265	3961
74266	3962
74276	3963
74321	3964
74408	3965
74413	3966
74414	3967
74421	3968
74425	3969
74432	3970
74458	3971
74503	3972
74504	3973
74520	3974
74524	3975
74596	3976
74624	3977
74851	3978
74915	3979
74954	3980
74965	3981
74972	3982
74986	3983
74997	3984
75085	3985
75088	3986
75095	3987
75102	3988
75116	3989
75156	3990
75159	3991
75163	3992
75172	3993
75191	3994
75228	3995
75295	3996
75327	3997
75448	3998
75512	3999
75643	4000
75660	4001
75664	4002
75692	4003
75725	4004
75778	4005
75832	4006
75850	4007
75851	4008
75854	4009
75857	4010
75879	4011
75897	4012
75901	4013
75949	4014
76064	4015
76108	4016
76123	4017
76129	4018
76198	4019
76207	4020
76221	4021
76255	4022
76368	4023
76377	4024
76394	4025
76416	4026
76562	4027
76571	4028
76591	4029
76629	4030
76638	4031
76644	4032
76674	4033
76691	4034
76729	4035
76773	4036
76787	4037
76797	4038
76842	4039
76893	4040
76935	4041
76973	4042
76993	4043
77089	4044
77107	4045
77134	4046
77136	4047
77190	4048
77210	4049
77260	4050
77273	4051
77281	4052
77288	4053
77306	4054
77322	4055
77386	4056
77393	4057
77478	4058
77490	4059
77494	4060
77575	4061
77669	4062
77770	4063
77801	4064
77845	4065
77915	4066
77919	4067
77924	4068
77966	4069
77975	4070
78009	4071
78035	4072
78037	4073
78204	4074
78251	4075
78259	4076
78265	4077
78289	4078
78455	4079
78467	4080
78507	4081
78520	4082
78522	4083
78552	4084
78575	4085
78587	4086
78596	4087
78624	4088
78649	4089
78694	4090
78701	4091
78764	4092
78817	4093
78845	4094
78926	4095
78943	4096
78952	4097
79092	4098
79153	4099
79240	4100
79255	4101
79328	4102
79338	4103
79379	4104
79407	4105
79446	4106
79450	4107
79463	4108
79489	4109
79517	4110
79528	4111
79529	4112
79540	4113
79782	4114
79799	4115
79945	4116
80030	4117
80042	4118
80066	4119
80146	4120
80194	4121
80199	4122
80206	4123
80251	4124
80263	4125
80265	4126
80280	4127
80281	4128
80294	4129
80397	4130
80454	4131
80459	4132
80523	4133
80550	4134
80593	4135
80725	4136
80763	4137
80771	4138
80804	4139
80823	4140
80841	4141
80861	4142
80894	4143
80956	4144
80958	4145
80965	4146
80970	4147
81008	4148
81017	4149
81018	4150
81031	4151
81052	4152
81062	4153
81073	4154
81130	4155
81139	4156
81152	4157
81230	4158
81299	4159
81310	4160
81327	4161
81381	4162
81520	4163
81561	4164
81579	4165
81604	4166
81606	4167
81607	4168
81731	4169
81775	4170
81780	4171
81782	4172
81865	4173
81904	4174
81908	4175
81960	4176
81986	4177
82100	4178
82171	4179
82228	4180
82382	4181
82388	4182
82390	4183
82391	4184
82392	4185
82401	4186
82407	4187
82422	4188
82424	4189
82441	4190
82495	4191
82513	4192
82541	4193
82594	4194
82648	4195
82660	4196
82676	4197
82685	4198
82701	4199
82743	4200
82818	4201
82855	4202
82903	4203
82978	4204
82986	4205
83040	4206
83196	4207
83215	4208
83230	4209
83254	4210
83258	4211
83274	4212
83320	4213
83365	4214
83376	4215
83390	4216
83433	4217
83440	4218
83452	4219
83473	4220
83475	4221
83478	4222
83500	4223
83503	4224
83537	4225
83544	4226
83574	4227
83647	4228
84007	4229
84039	4230
84045	4231
84063	4232
84089	4233
84186	4234
84245	4235
84247	4236
84253	4237
84328	4238
84356	4239
84358	4240
84544	4241
84637	4242
84820	4243
84845	4244
84861	4245
84869	4246
84920	4247
84921	4248
84922	4249
84935	4250
84980	4251
84985	4252
84986	4253
85026	4254
85078	4255
85112	4256
85123	4257
85130	4258
85145	4259
85182	4260
85222	4261
85227	4262
85250	4263
85281	4264
85356	4265
85392	4266
85435	4267
85436	4268
85532	4269
85625	4270
85663	4271
85706	4272
85714	4273
85748	4274
85810	4275
85826	4276
85829	4277
85853	4278
85854	4279
85882	4280
85885	4281
85891	4282
85894	4283
85895	4284
85897	4285
85976	4286
85994	4287
86038	4288
86079	4289
86163	4290
86187	4291
86210	4292
86227	4293
86332	4294
86428	4295
86442	4296
86553	4297
86562	4298
86575	4299
86596	4300
86598	4301
86612	4302
86631	4303
86700	4304
86725	4305
86778	4306
86783	4307
86784	4308
86787	4309
86792	4310
86829	4311
86831	4312
86846	4313
86853	4314
86944	4315
86965	4316
87044	4317
87063	4318
87252	4319
87269	4320
87279	4321
87321	4322
87326	4323
87422	4324
87466	4325
87528	4326
87547	4327
87581	4328
87583	4329
87598	4330
87655	4331
87663	4332
87674	4333
87693	4334
87717	4335
87733	4336
87737	4337
87739	4338
87778	4339
87794	4340
87799	4341
87811	4342
88028	4343
88041	4344
88063	4345
88079	4346
88110	4347
88274	4348
88278	4349
88315	4350
88353	4351
88378	4352
88447	4353
88453	4354
88456	4355
88462	4356
88470	4357
88549	4358
88568	4359
88582	4360
88585	4361
88623	4362
88626	4363
88634	4364
88635	4365
88636	4366
88658	4367
88662	4368
88723	4369
88729	4370
88774	4371
88780	4372
88838	4373
88929	4374
88956	4375
88966	4376
88985	4377
89066	4378
89072	4379
89278	4380
89320	4381
89407	4382
89471	4383
89483	4384
89490	4385
89536	4386
89547	4387
89562	4388
89620	4389
89630	4390
89635	4391
89668	4392
89912	4393
90026	4394
90097	4395
90102	4396
90186	4397
90193	4398
90194	4399
90272	4400
90279	4401
90307	4402
90362	4403
90371	4404
90417	4405
90446	4406
90464	4407
90502	4408
90653	4409
90665	4410
90741	4411
90748	4412
90750	4413
90802	4414
90852	4415
90937	4416
91034	4417
91067	4418
91068	4419
91085	4420
91088	4421
91176	4422
91224	4423
91252	4424
91260	4425
91264	4426
91265	4427
91280	4428
91331	4429
91391	4430
91433	4431
91545	4432
91619	4433
91687	4434
91774	4435
91794	4436
91800	4437
91826	4438
91992	4439
91996	4440
92080	4441
92115	4442
92118	4443
92141	4444
92150	4445
92157	4446
92161	4447
92167	4448
92213	4449
92246	4450
92256	4451
92285	4452
92313	4453
92392	4454
92470	4455
92516	4456
92564	4457
92588	4458
92723	4459
92728	4460
92813	4461
92817	4462
92867	4463
92868	4464
92916	4465
92930	4466
92944	4467
92956	4468
92961	4469
93022	4470
93096	4471
93110	4472
93112	4473
93117	4474
93153	4475
93176	4476
93211	4477
93247	4478
93318	4479
93401	4480
93463	4481
93515	4482
93558	4483
93738	4484
93775	4485
93807	4486
93851	4487
93878	4488
93889	4489
93893	4490
93895	4491
93934	4492
93963	4493
93973	4494
94029	4495
94033	4496
94044	4497
94064	4498
94081	4499
94103	4500
94110	4501
94121	4502
94188	4503
94194	4504
94228	4505
94243	4506
94267	4507
94270	4508
94391	4509
94392	4510
94445	4511
94482	4512
94524	4513
94549	4514
94577	4515
94764	4516
94794	4517
94799	4518
94816	4519
94891	4520
94910	4521
94926	4522
94936	4523
94974	4524
94978	4525
94983	4526
94985	4527
94992	4528
94993	4529
95017	4530
95061	4531
95168	4532
95248	4533
95257	4534
95296	4535
95416	4536
95462	4537
95475	4538
95479	4539
95485	4540
95714	4541
95732	4542
95791	4543
95799	4544
95800	4545
95886	4546
95896	4547
95965	4548
95978	4549
96023	4550
96063	4551
96065	4552
96066	4553
96082	4554
96135	4555
96167	4556
96179	4557
96220	4558
96273	4559
96274	4560
96317	4561
96445	4562
96459	4563
96558	4564
96563	4565
96576	4566
96704	4567
96705	4568
96715	4569
96732	4570
96744	4571
96754	4572
96771	4573
96809	4574
96880	4575
96974	4576
96980	4577
96997	4578
97004	4579
97026	4580
97032	4581
97063	4582
97112	4583
97201	4584
97437	4585
97461	4586
97469	4587
97486	4588
97501	4589
97555	4590
97695	4591
97714	4592
97722	4593
97742	4594
97780	4595
97873	4596
97885	4597
97904	4598
97908	4599
97918	4600
97933	4601
97955	4602
97966	4603
98030	4604
98178	4605
98180	4606
98194	4607
98197	4608
98221	4609
98230	4610
98233	4611
98255	4612
98367	4613
98378	4614
98379	4615
98509	4616
98557	4617
98595	4618
98688	4619
98719	4620
98786	4621
98801	4622
98803	4623
98849	4624
98900	4625
98901	4626
98912	4627
98917	4628
98975	4629
99035	4630
99049	4631
99052	4632
99076	4633
99102	4634
99117	4635
99120	4636
99124	4637
99155	4638
99176	4639
99295	4640
99310	4641
99331	4642
99450	4643
99515	4644
99528	4645
99536	4646
99583	4647
99615	4648
99625	4649
99840	4650
99875	4651
99933	4652
99953	4653
99989	4654
99997	4655
100000	4656
100037	4657
100042	4658
100054	4659
100100	4660
100108	4661
100194	4662
100195	4663
100362	4664
100392	4665
100474	4666
100575	4667
100758	4668
100778	4669
100793	4670
100805	4671
100853	4672
100861	4673
100876	4674
100880	4675
100955	4676
100958	4677
100959	4678
100961	4679
100963	4680
101034	4681
101079	4682
101103	4683
101129	4684
101195	4685
101221	4686
101260	4687
101263	4688
101268	4689
101305	4690
101352	4691
101384	4692
101403	4693
101405	4694
101429	4695
101846	4696
101861	4697
101862	4698
101865	4699
101874	4700
101920	4701
101937	4702
102046	4703
102130	4704
102138	4705
102139	4706
102143	4707
102187	4708
102236	4709
102238	4710
102348	4711
102367	4712
102419	4713
102433	4714
102452	4715
102529	4716
102548	4717
102572	4718
102591	4719
102614	4720
102629	4721
102704	4722
102728	4723
102892	4724
102898	4725
102954	4726
102970	4727
102976	4728
102980	4729
102982	4730
103156	4731
103161	4732
103169	4733
103203	4734
103216	4735
103222	4736
103264	4737
103297	4738
103298	4739
103318	4740
103338	4741
103374	4742
103375	4743
103549	4744
103602	4745
103671	4746
103680	4747
103799	4748
103995	4749
104002	4750
104061	4751
104078	4752
104092	4753
104113	4754
104127	4755
104199	4756
104212	4757
104261	4758
104304	4759
104316	4760
104322	4761
104386	4762
104440	4763
104442	4764
104479	4765
104529	4766
104636	4767
104673	4768
104693	4769
104709	4770
104736	4771
104772	4772
104863	4773
104936	4774
104965	4775
105006	4776
105080	4777
105110	4778
105129	4779
105152	4780
105205	4781
105289	4782
105319	4783
105417	4784
105476	4785
105506	4786
105617	4787
105768	4788
105780	4789
105826	4790
105923	4791
105926	4792
105930	4793
106054	4794
106102	4795
106351	4796
106358	4797
106376	4798
106411	4799
106476	4800
106483	4801
106543	4802
106566	4803
106567	4804
106568	4805
106570	4806
106571	4807
106611	4808
106717	4809
106757	4810
106772	4811
106920	4812
106940	4813
106969	4814
106983	4815
107110	4816
107155	4817
107245	4818
107262	4819
107329	4820
107336	4821
107431	4822
107447	4823
107470	4824
107473	4825
107478	4826
107490	4827
107497	4828
107512	4829
107537	4830
107557	4831
107735	4832
107765	4833
107792	4834
107816	4835
107829	4836
107865	4837
107960	4838
107979	4839
107980	4840
108043	4841
108140	4842
108195	4843
108246	4844
108247	4845
108345	4846
108418	4847
108597	4848
108609	4849
108630	4850
108664	4851
108677	4852
108683	4853
108684	4854
108711	4855
108746	4856
108768	4857
108836	4858
108839	4859
108854	4860
108860	4861
108922	4862
108927	4863
108930	4864
108936	4865
108953	4866
109034	4867
109036	4868
109050	4869
109100	4870
109172	4871
109179	4872
109215	4873
109262	4874
109358	4875
109439	4876
109582	4877
109614	4878
109617	4879
109623	4880
109653	4881
109865	4882
109888	4883
110000	4884
110011	4885
110068	4886
110069	4887
110071	4888
110072	4889
110082	4890
110151	4891
110181	4892
110290	4893
110367	4894
110619	4895
110676	4896
110762	4897
110776	4898
110785	4899
110791	4900
110798	4901
110814	4902
110946	4903
110950	4904
110966	4905
110968	4906
110986	4907
110997	4908
111017	4909
111037	4910
111235	4911
111248	4912
111254	4913
111257	4914
111306	4915
111310	4916
111354	4917
111368	4918
111477	4919
111486	4920
111566	4921
111646	4922
111777	4923
111936	4924
111955	4925
112078	4926
112124	4927
112134	4928
112139	4929
112165	4930
112217	4931
112334	4932
112355	4933
112410	4934
112414	4935
112415	4936
112425	4937
112426	4938
112437	4939
112438	4940
112498	4941
112536	4942
112547	4943
112586	4944
112635	4945
112694	4946
112739	4947
112771	4948
112851	4949
112898	4950
113065	4951
113084	4952
113122	4953
113184	4954
113242	4955
113289	4956
113424	4957
113528	4958
113617	4959
113720	4960
113731	4961
113734	4962
113800	4963
113873	4964
113876	4965
113902	4966
113952	4967
114020	4968
114136	4969
114142	4970
114177	4971
114250	4972
114267	4973
114290	4974
114296	4975
114494	4976
114516	4977
114643	4978
114654	4979
114745	4980
114753	4981
114771	4982
114849	4983
114857	4984
114858	4985
114861	4986
114885	4987
114935	4988
114965	4989
114974	4990
114981	4991
115062	4992
115217	4993
115285	4994
115326	4995
115424	4996
115773	4997
115775	4998
115829	4999
115994	5000
116093	5001
116097	5002
116108	5003
116114	5004
116125	5005
116130	5006
116151	5007
116170	5008
116214	5009
116269	5010
116270	5011
116280	5012
116289	5013
116366	5014
116489	5015
116546	5016
116557	5017
116592	5018
116836	5019
116852	5020
116874	5021
116899	5022
116925	5023
117014	5024
117050	5025
117081	5026
117093	5027
117127	5028
117163	5029
117273	5030
117278	5031
117286	5032
117297	5033
117380	5034
117393	5035
117396	5036
117402	5037
117439	5038
117528	5039
117584	5040
117586	5041
117588	5042
117617	5043
117627	5044
117805	5045
117872	5046
117910	5047
117985	5048
118042	5049
118080	5050
118226	5051
118322	5052
118340	5053
118350	5054
118471	5055
118575	5056
118601	5057
118602	5058
118664	5059
118675	5060
118680	5061
118686	5062
118687	5063
118696	5064
118697	5065
118703	5066
118704	5067
118841	5068
118849	5069
118873	5070
118897	5071
118924	5072
118939	5073
118987	5074
119122	5075
119229	5076
119233	5077
119245	5078
119342	5079
119436	5080
119463	5081
119648	5082
119672	5083
119705	5084
119730	5085
119920	5086
119976	5087
119992	5088
120001	5089
120002	5090
120004	5091
120046	5092
120073	5093
120108	5094
120114	5095
120269	5096
120283	5097
120379	5098
120382	5099
120491	5100
120496	5101
120527	5102
120653	5103
120686	5104
121037	5105
121042	5106
121076	5107
121098	5108
121102	5109
121108	5110
121127	5111
121162	5112
121227	5113
121327	5114
121328	5115
121339	5116
121422	5117
121458	5118
121520	5119
121616	5120
121720	5121
121868	5122
121913	5123
121934	5124
122037	5125
122050	5126
122107	5127
122191	5128
122220	5129
122221	5130
122330	5131
122344	5132
122388	5133
122402	5134
122444	5135
122494	5136
122574	5137
122717	5138
122726	5139
122744	5140
122749	5141
122880	5142
122890	5143
122922	5144
122927	5145
123218	5146
123262	5147
123282	5148
123318	5149
123340	5150
123454	5151
123533	5152
123583	5153
123665	5154
123751	5155
123829	5156
123830	5157
123845	5158
123855	5159
123958	5160
123961	5161
123971	5162
123979	5163
123994	5164
124001	5165
124062	5166
124073	5167
124083	5168
124091	5169
124115	5170
124116	5171
124119	5172
124140	5173
124143	5174
124150	5175
124151	5176
124170	5177
124190	5178
124207	5179
124227	5180
124302	5181
124312	5182
124322	5183
124366	5184
124386	5185
124515	5186
124542	5187
124560	5188
124631	5189
124835	5190
124836	5191
124939	5192
124962	5193
124992	5194
125103	5195
125160	5196
125165	5197
125203	5198
125222	5199
125265	5200
125271	5201
125279	5202
125314	5203
125385	5204
125404	5205
125406	5206
125497	5207
125498	5208
125569	5209
125608	5210
125611	5211
125627	5212
125673	5213
125752	5214
125769	5215
125795	5216
126113	5217
126114	5218
126119	5219
126149	5220
126195	5221
126236	5222
126275	5223
126309	5224
126322	5225
126409	5226
126515	5227
126603	5228
126634	5229
126648	5230
126763	5231
126770	5232
126772	5233
126782	5234
126783	5235
126795	5236
126872	5237
126875	5238
126892	5239
126908	5240
126951	5241
126997	5242
126999	5243
127014	5244
127015	5245
127045	5246
127080	5247
127150	5248
127331	5249
127525	5250
127554	5251
127632	5252
127835	5253
127936	5254
127993	5255
128001	5256
128124	5257
128258	5258
128259	5259
128336	5260
128350	5261
128352	5262
128360	5263
128409	5264
128413	5265
128418	5266
128492	5267
128660	5268
128836	5269
129016	5270
129432	5271
129511	5272
129639	5273
129645	5274
129851	5275
129853	5276
129857	5277
129897	5278
129924	5279
129931	5280
129937	5281
129959	5282
130116	5283
130117	5284
130237	5285
130242	5286
130263	5287
130497	5288
130507	5289
130647	5290
130653	5291
130784	5292
130936	5293
130938	5294
130953	5295
130978	5296
131016	5297
131171	5298
131183	5299
131202	5300
131244	5301
131309	5302
131339	5303
131368	5304
131524	5305
131655	5306
131770	5307
131785	5308
131880	5309
131950	5310
132041	5311
132055	5312
132111	5313
132177	5314
132214	5315
132234	5316
132288	5317
132291	5318
132350	5319
132356	5320
132358	5321
132481	5322
132506	5323
132577	5324
132639	5325
132642	5326
132669	5327
132706	5328
132707	5329
132807	5330
132808	5331
132819	5332
132850	5333
132917	5334
133193	5335
133201	5336
133239	5337
133293	5338
133338	5339
133444	5340
133485	5341
133488	5342
133506	5343
133632	5344
133775	5345
133815	5346
133935	5347
133955	5348
134082	5349
134184	5350
134194	5351
134204	5352
134215	5353
134220	5354
134286	5355
134308	5356
134317	5357
134338	5358
134378	5359
134391	5360
134440	5361
134579	5362
134593	5363
134693	5364
134713	5365
134726	5366
134759	5367
134781	5368
134805	5369
134810	5370
134826	5371
134850	5372
134940	5373
134973	5374
135026	5375
135054	5376
135200	5377
135237	5378
135258	5379
135398	5380
135432	5381
135438	5382
135537	5383
135538	5384
135548	5385
135575	5386
135673	5387
135726	5388
135807	5389
135831	5390
135839	5391
135962	5392
136064	5393
136269	5394
136293	5395
136350	5396
136354	5397
136443	5398
136468	5399
136469	5400
136470	5401
136513	5402
136690	5403
136961	5404
136971	5405
136992	5406
137089	5407
137109	5408
137117	5409
137129	5410
137144	5411
137314	5412
137387	5413
137393	5414
137394	5415
137400	5416
137407	5417
137427	5418
137519	5419
137520	5420
137523	5421
137581	5422
137662	5423
137664	5424
137681	5425
137858	5426
137878	5427
137931	5428
137964	5429
137973	5430
137995	5431
138018	5432
138050	5433
138056	5434
138130	5435
138232	5436
138324	5437
138325	5438
138340	5439
138418	5440
138663	5441
138809	5442
138902	5443
138909	5444
138928	5445
138941	5446
138943	5447
138947	5448
139022	5449
139074	5450
139099	5451
139106	5452
139107	5453
139169	5454
139172	5455
139259	5456
139408	5457
139441	5458
139446	5459
139500	5460
139565	5461
139569	5462
139572	5463
139651	5464
139673	5465
139820	5466
139924	5467
139959	5468
140096	5469
140108	5470
140110	5471
140148	5472
140167	5473
140172	5474
140175	5475
140185	5476
140227	5477
140239	5478
140254	5479
140259	5480
140275	5481
140410	5482
140529	5483
140542	5484
140634	5485
140663	5486
140723	5487
140730	5488
140737	5489
140742	5490
140778	5491
140807	5492
140832	5493
140833	5494
140854	5495
140870	5496
141029	5497
141058	5498
141108	5499
141257	5500
141362	5501
141384	5502
141493	5503
141573	5504
141586	5505
141587	5506
141849	5507
141887	5508
141888	5509
141968	5510
142054	5511
142074	5512
142084	5513
142119	5514
142164	5515
142173	5516
142183	5517
142188	5518
142194	5519
142213	5520
142254	5521
142287	5522
142323	5523
142374	5524
142408	5525
142446	5526
142460	5527
143238	5528
143381	5529
143400	5530
143420	5531
143435	5532
143446	5533
143496	5534
143502	5535
143530	5536
143650	5537
143683	5538
143712	5539
143713	5540
143800	5541
143804	5542
143807	5543
143811	5544
143820	5545
143841	5546
143883	5547
143908	5548
143966	5549
143980	5550
144012	5551
144052	5552
144075	5553
144089	5554
144096	5555
144101	5556
144123	5557
144150	5558
144159	5559
144248	5560
144309	5561
144354	5562
144455	5563
144462	5564
144492	5565
144515	5566
144655	5567
144700	5568
144740	5569
144748	5570
144853	5571
144863	5572
144999	5573
145033	5574
145048	5575
145095	5576
145118	5577
145128	5578
145156	5579
145161	5580
145205	5581
145207	5582
145209	5583
145237	5584
145340	5585
145348	5586
145367	5587
145402	5588
145415	5589
145502	5590
145506	5591
145510	5592
145518	5593
145523	5594
145689	5595
145740	5596
145742	5597
145786	5598
145810	5599
145818	5600
145823	5601
145981	5602
146030	5603
146074	5604
146099	5605
146227	5606
146233	5607
146462	5608
146492	5609
146619	5610
146636	5611
146771	5612
146826	5613
146843	5614
146844	5615
146917	5616
146926	5617
146929	5618
146958	5619
146962	5620
146998	5621
147136	5622
147217	5623
147230	5624
147240	5625
147246	5626
147317	5627
147343	5628
147373	5629
147377	5630
147395	5631
147412	5632
147522	5633
147588	5634
147603	5635
147606	5636
147826	5637
148060	5638
148106	5639
148200	5640
148209	5641
148281	5642
148328	5643
148440	5644
148602	5645
148612	5646
148614	5647
148649	5648
148672	5649
148680	5650
148681	5651
149001	5652
149014	5653
149032	5654
149040	5655
149041	5656
149161	5657
149209	5658
149260	5659
149283	5660
149288	5661
149297	5662
149341	5663
149404	5664
149420	5665
149601	5666
149645	5667
149695	5668
149772	5669
149779	5670
149781	5671
149860	5672
150214	5673
150225	5674
150230	5675
150410	5676
150429	5677
150483	5678
150484	5679
150492	5680
150502	5681
150510	5682
150553	5683
150647	5684
150664	5685
150682	5686
150724	5687
150790	5688
150792	5689
150795	5690
150800	5691
151055	5692
151105	5693
151128	5694
151158	5695
151203	5696
151244	5697
151281	5698
151452	5699
151521	5700
151578	5701
152067	5702
152074	5703
152192	5704
152208	5705
152259	5706
152268	5707
152283	5708
152286	5709
152316	5710
152387	5711
152549	5712
152557	5713
152640	5714
152715	5715
152720	5716
152733	5717
152735	5718
152738	5719
152779	5720
152808	5721
152823	5722
152843	5723
152856	5724
152995	5725
153040	5726
153047	5727
153051	5728
153089	5729
153233	5730
153339	5731
153456	5732
153466	5733
153521	5734
153645	5735
153842	5736
153881	5737
154060	5738
154069	5739
154107	5740
154190	5741
154201	5742
154309	5743
154419	5744
154424	5745
154432	5746
154548	5747
154558	5748
154643	5749
154666	5750
154822	5751
154829	5752
154851	5753
154954	5754
155050	5755
155056	5756
155069	5757
155169	5758
155273	5759
155397	5760
155481	5761
155623	5762
155626	5763
155910	5764
155932	5765
156071	5766
156086	5767
156090	5768
156111	5769
156275	5770
156345	5771
156355	5772
156362	5773
156387	5774
156444	5775
156466	5776
156474	5777
156500	5778
156515	5779
156524	5780
156594	5781
156642	5782
156698	5783
156732	5784
156769	5785
156800	5786
156810	5787
157173	5788
157422	5789
157437	5790
157474	5791
157500	5792
157606	5793
157648	5794
157827	5795
157867	5796
157934	5797
157951	5798
158235	5799
158246	5800
158267	5801
158271	5802
158282	5803
158294	5804
158300	5805
158315	5806
158333	5807
158369	5808
158370	5809
158380	5810
158426	5811
158448	5812
158583	5813
158728	5814
158809	5815
158830	5816
158891	5817
158917	5818
159038	5819
159133	5820
159355	5821
159465	5822
159496	5823
159501	5824
159514	5825
159541	5826
159758	5827
159772	5828
159783	5829
159868	5830
159902	5831
159917	5832
159930	5833
160031	5834
160063	5835
160086	5836
160218	5837
160251	5838
160321	5839
160337	5840
160350	5841
160398	5842
160418	5843
160450	5844
160497	5845
160500	5846
160543	5847
160559	5848
160603	5849
160711	5850
160719	5851
160859	5852
160872	5853
160921	5854
161025	5855
161028	5856
161292	5857
161299	5858
161318	5859
161360	5860
161454	5861
161468	5862
161531	5863
161713	5864
161718	5865
161720	5866
161737	5867
161749	5868
161847	5869
161848	5870
161896	5871
162039	5872
162081	5873
162089	5874
162188	5875
162209	5876
162242	5877
162357	5878
162361	5879
162408	5880
162454	5881
162558	5882
162656	5883
162711	5884
162712	5885
162760	5886
162831	5887
163018	5888
163062	5889
163167	5890
163265	5891
163423	5892
163429	5893
163478	5894
163659	5895
163696	5896
163717	5897
163789	5898
163855	5899
163894	5900
164020	5901
164038	5902
164053	5903
164143	5904
164239	5905
164242	5906
164243	5907
164267	5908
164360	5909
164406	5910
164431	5911
164449	5912
164468	5913
164575	5914
164578	5915
164586	5916
164617	5917
164676	5918
164680	5919
164715	5920
164722	5921
164785	5922
165044	5923
165184	5924
165214	5925
165217	5926
165326	5927
165537	5928
165551	5929
165722	5930
165778	5931
165790	5932
165835	5933
165843	5934
165860	5935
165887	5936
165931	5937
165994	5938
166109	5939
166117	5940
166130	5941
166270	5942
166274	5943
166283	5944
166289	5945
166300	5946
166304	5947
166408	5948
166428	5949
166431	5950
166444	5951
166505	5952
166507	5953
166534	5954
166643	5955
166714	5956
166820	5957
166826	5958
167152	5959
167362	5960
167467	5961
167494	5962
167513	5963
167566	5964
167677	5965
167686	5966
167702	5967
167844	5968
167937	5969
167953	5970
167962	5971
168067	5972
168195	5973
168198	5974
168353	5975
168372	5976
168399	5977
168482	5978
168497	5979
168502	5980
168584	5981
168611	5982
168612	5983
168682	5984
168829	5985
169001	5986
169148	5987
169152	5988
169465	5989
169710	5990
169758	5991
169996	5992
170005	5993
170033	5994
170072	5995
170074	5996
170080	5997
170175	5998
170190	5999
170238	6000
170344	6001
170358	6002
170414	6003
170466	6004
170475	6005
170482	6006
170488	6007
170518	6008
170561	6009
170580	6010
170617	6011
170675	6012
170806	6013
170875	6014
170984	6015
171113	6016
171131	6017
171190	6018
171368	6019
171510	6020
171512	6021
171631	6022
171784	6023
171869	6024
172121	6025
172154	6026
172164	6027
172188	6028
172233	6029
172241	6030
172259	6031
172289	6032
172316	6033
172467	6034
172510	6035
172587	6036
172597	6037
172613	6038
172631	6039
172638	6040
172649	6041
172665	6042
172667	6043
172763	6044
172859	6045
172880	6046
172906	6047
172951	6048
173011	6049
173186	6050
173259	6051
173390	6052
173429	6053
173512	6054
173814	6055
173854	6056
173888	6057
173931	6058
174006	6059
174125	6060
174326	6061
174352	6062
174360	6063
174361	6064
174366	6065
174371	6066
174380	6067
174444	6068
174468	6069
174611	6070
174666	6071
174681	6072
174713	6073
174719	6074
174721	6075
174777	6076
174803	6077
174811	6078
174816	6079
174909	6080
175026	6081
175179	6082
175181	6083
175196	6084
175241	6085
175311	6086
175506	6087
175508	6088
175765	6089
175864	6090
176079	6091
176087	6092
176098	6093
176192	6094
176288	6095
176379	6096
176569	6097
176575	6098
176576	6099
176605	6100
176610	6101
176705	6102
176741	6103
176853	6104
176926	6105
177040	6106
177049	6107
177148	6108
177197	6109
177199	6110
177201	6111
177339	6112
177352	6113
177386	6114
177396	6115
177565	6116
177611	6117
177700	6118
177778	6119
177885	6120
177984	6121
178077	6122
178105	6123
178183	6124
178223	6125
178237	6126
178249	6127
178303	6128
178405	6129
178496	6130
178561	6131
178631	6132
178824	6133
178952	6134
178958	6135
178969	6136
179136	6137
179146	6138
179155	6139
179165	6140
179211	6141
179326	6142
179338	6143
179345	6144
179352	6145
179354	6146
179357	6147
179422	6148
179425	6149
179468	6150
179516	6151
179545	6152
179698	6153
179720	6154
180046	6155
180086	6156
180135	6157
180188	6158
180291	6159
180347	6160
180393	6161
180417	6162
180526	6163
180527	6164
180623	6165
180628	6166
180683	6167
180704	6168
180863	6169
180907	6170
181075	6171
181146	6172
181169	6173
181173	6174
181174	6175
181184	6176
181340	6177
181426	6178
181467	6179
181603	6180
181605	6181
181641	6182
181655	6183
181791	6184
181930	6185
181943	6186
181954	6187
181966	6188
181996	6189
182038	6190
182082	6191
182097	6192
182141	6193
182500	6194
182571	6195
182586	6196
182733	6197
182826	6198
182860	6199
182911	6200
182933	6201
183081	6202
183106	6203
183126	6204
183162	6205
183216	6206
183289	6207
183564	6208
183566	6209
183636	6210
183645	6211
183662	6212
183667	6213
183683	6214
183685	6215
183844	6216
183857	6217
183869	6218
183888	6219
184063	6220
184064	6221
184211	6222
184224	6223
184419	6224
184444	6225
184454	6226
184457	6227
184482	6228
184501	6229
184560	6230
184635	6231
184699	6232
184787	6233
184801	6234
184809	6235
184834	6236
184919	6237
184953	6238
185005	6239
185109	6240
185315	6241
185396	6242
185464	6243
185479	6244
185551	6245
185580	6246
185633	6247
185680	6248
185831	6249
185969	6250
185970	6251
185997	6252
186001	6253
186059	6254
186213	6255
186261	6256
186280	6257
186303	6258
186308	6259
186331	6260
186426	6261
186430	6262
186431	6263
186433	6264
186439	6265
186460	6266
186602	6267
186652	6268
186668	6269
186697	6270
186698	6271
186703	6272
186706	6273
186744	6274
186768	6275
186855	6276
186883	6277
186913	6278
186946	6279
186954	6280
187096	6281
187556	6282
187642	6283
187668	6284
187961	6285
188263	6286
188309	6287
188367	6288
188406	6289
188417	6290
188611	6291
188612	6292
188619	6293
188683	6294
188687	6295
188722	6296
188806	6297
188820	6298
188834	6299
188844	6300
188963	6301
188983	6302
189009	6303
189024	6304
189104	6305
189123	6306
189198	6307
189271	6308
189306	6309
189309	6310
189317	6311
189321	6312
189508	6313
189882	6314
189941	6315
190021	6316
190255	6317
190291	6318
190515	6319
190663	6320
190698	6321
190716	6322
190806	6323
190809	6324
190931	6325
190939	6326
190957	6327
190967	6328
191138	6329
191166	6330
191177	6331
191211	6332
191218	6333
191235	6334
191316	6335
191331	6336
191332	6337
191345	6338
191350	6339
191458	6340
191522	6341
191526	6342
191529	6343
191558	6344
191624	6345
191678	6346
191703	6347
191840	6348
192003	6349
192019	6350
192127	6351
192152	6352
192182	6353
192209	6354
192264	6355
192352	6356
192387	6357
192454	6358
192461	6359
192527	6360
192825	6361
192857	6362
193057	6363
193262	6364
193274	6365
193286	6366
193356	6367
193376	6368
193396	6369
193432	6370
193579	6371
193661	6372
193762	6373
193787	6374
193869	6375
193905	6376
193917	6377
194034	6378
194049	6379
194068	6380
194164	6381
194191	6382
194198	6383
194204	6384
194231	6385
194390	6386
194465	6387
194609	6388
194710	6389
194759	6390
194777	6391
194793	6392
194982	6393
195103	6394
195235	6395
195414	6396
195471	6397
195564	6398
195615	6399
195652	6400
195706	6401
195999	6402
196018	6403
196021	6404
196101	6405
196111	6406
196170	6407
196270	6408
196384	6409
196491	6410
196511	6411
196532	6412
196533	6413
196538	6414
196562	6415
196673	6416
196694	6417
196791	6418
196815	6419
196833	6420
197046	6421
197049	6422
197202	6423
197234	6424
197281	6425
197619	6426
197651	6427
197726	6428
197807	6429
197882	6430
197965	6431
198162	6432
198222	6433
198252	6434
198325	6435
198592	6436
198598	6437
198623	6438
198678	6439
198740	6440
198897	6441
198898	6442
198910	6443
198960	6444
199090	6445
199137	6446
199146	6447
199179	6448
199229	6449
199273	6450
199274	6451
199302	6452
199437	6453
199461	6454
199490	6455
199590	6456
199794	6457
199885	6458
199940	6459
199944	6460
200121	6461
200322	6462
200336	6463
200357	6464
200364	6465
200408	6466
200412	6467
200443	6468
200467	6469
200472	6470
200505	6471
200775	6472
200852	6473
200881	6474
200904	6475
200913	6476
200934	6477
201048	6478
201248	6479
201389	6480
201412	6481
201422	6482
201424	6483
201449	6484
201617	6485
201718	6486
201763	6487
201770	6488
201785	6489
201812	6490
201825	6491
201849	6492
201956	6493
201992	6494
202090	6495
202095	6496
202169	6497
202219	6498
202555	6499
202598	6500
202641	6501
202800	6502
202811	6503
202883	6504
202926	6505
203007	6506
203028	6507
203186	6508
203284	6509
203397	6510
203426	6511
203509	6512
203716	6513
203928	6514
203977	6515
203997	6516
204010	6517
204055	6518
204085	6519
204198	6520
204290	6521
204314	6522
204340	6523
204394	6524
204489	6525
204515	6526
204522	6527
204526	6528
204532	6529
204537	6530
204548	6531
204551	6532
204620	6533
204661	6534
204722	6535
204767	6536
204800	6537
204825	6538
204850	6539
204885	6540
204892	6541
204910	6542
204982	6543
205038	6544
205138	6545
205245	6546
205308	6547
205387	6548
205441	6549
205504	6550
205571	6551
205793	6552
205886	6553
206167	6554
206220	6555
206393	6556
206704	6557
206724	6558
206726	6559
206819	6560
206824	6561
206853	6562
206949	6563
207032	6564
207192	6565
207193	6566
207205	6567
207217	6568
207282	6569
207327	6570
207328	6571
207358	6572
207378	6573
207468	6574
207497	6575
207537	6576
207544	6577
207602	6578
207794	6579
207833	6580
207850	6581
208091	6582
209014	6583
209018	6584
209232	6585
209503	6586
209573	6587
209589	6588
209592	6589
209626	6590
209836	6591
210049	6592
210052	6593
210072	6594
210076	6595
210212	6596
210369	6597
210378	6598
210379	6599
210386	6600
210416	6601
210511	6602
210740	6603
210836	6604
210921	6605
210942	6606
211103	6607
211156	6608
211369	6609
211447	6610
211505	6611
211631	6612
211750	6613
211849	6614
211890	6615
211956	6616
211966	6617
212418	6618
212420	6619
212699	6620
212717	6621
212819	6622
212823	6623
212854	6624
212867	6625
212886	6626
212891	6627
212892	6628
212907	6629
213023	6630
213029	6631
213044	6632
213051	6633
213052	6634
213214	6635
213230	6636
213254	6637
213392	6638
213629	6639
213757	6640
213901	6641
213940	6642
213949	6643
214060	6644
214283	6645
214324	6646
214333	6647
214562	6648
214605	6649
214810	6650
214931	6651
214965	6652
215008	6653
215030	6654
215208	6655
215226	6656
215305	6657
215322	6658
215426	6659
215448	6660
215453	6661
215595	6662
215608	6663
215649	6664
215858	6665
215860	6666
215864	6667
215876	6668
215985	6669
216040	6670
216047	6671
216087	6672
216098	6673
216249	6674
216307	6675
216416	6676
216598	6677
216640	6678
216777	6679
216806	6680
216827	6681
216837	6682
216887	6683
217068	6684
217306	6685
217534	6686
217592	6687
217642	6688
217877	6689
217961	6690
218097	6691
218147	6692
218162	6693
218210	6694
218332	6695
218357	6696
218509	6697
218705	6698
218716	6699
218748	6700
218755	6701
218772	6702
218778	6703
218861	6704
218916	6705
218981	6706
218984	6707
219033	6708
219053	6709
219097	6710
219105	6711
219199	6712
219237	6713
219287	6714
219293	6715
219342	6716
219351	6717
219539	6718
219752	6719
219753	6720
219876	6721
219889	6722
219946	6723
219960	6724
220035	6725
220058	6726
220059	6727
220299	6728
220439	6729
220609	6730
220649	6731
220677	6732
220705	6733
220771	6734
221014	6735
221242	6736
221268	6737
221375	6738
221385	6739
221439	6740
221492	6741
221682	6742
221814	6743
221825	6744
221850	6745
221868	6746
221872	6747
221875	6748
221888	6749
221906	6750
221912	6751
221917	6752
221929	6753
222014	6754
222054	6755
222060	6756
222076	6757
222079	6758
222125	6759
222161	6760
222188	6761
222233	6762
222234	6763
222237	6764
222251	6765
222300	6766
222367	6767
222424	6768
222461	6769
222470	6770
222628	6771
222858	6772
222995	6773
223025	6774
223105	6775
223567	6776
223590	6777
223626	6778
223743	6779
223759	6780
223804	6781
223862	6782
223904	6783
223978	6784
224146	6785
224298	6786
224341	6787
224380	6788
224399	6789
224417	6790
224419	6791
224589	6792
224731	6793
224744	6794
224838	6795
224869	6796
224880	6797
225018	6798
225027	6799
225183	6800
225328	6801
225333	6802
225398	6803
225476	6804
225553	6805
225640	6806
225644	6807
225656	6808
225686	6809
225817	6810
225929	6811
226167	6812
226169	6813
226213	6814
226227	6815
226265	6816
226399	6817
226463	6818
226543	6819
226546	6820
226593	6821
226645	6822
226901	6823
226903	6824
226937	6825
226955	6826
227215	6827
227243	6828
227563	6829
227608	6830
227802	6831
228033	6832
228142	6833
228176	6834
228184	6835
228191	6836
228202	6837
228220	6838
228230	6839
228360	6840
228383	6841
228396	6842
228437	6843
228477	6844
228514	6845
228547	6846
228584	6847
228588	6848
228590	6849
228687	6850
228696	6851
228815	6852
228895	6853
228988	6854
229336	6855
229562	6856
229566	6857
229567	6858
229618	6859
229742	6860
229832	6861
229917	6862
229958	6863
230323	6864
230341	6865
230417	6866
230428	6867
230452	6868
230513	6869
230554	6870
230556	6871
230877	6872
230895	6873
230906	6874
230925	6875
230948	6876
230951	6877
231207	6878
231213	6879
231228	6880
231267	6881
231426	6882
231448	6883
231452	6884
231484	6885
231707	6886
231712	6887
231727	6888
231870	6889
231871	6890
231945	6891
232067	6892
232103	6893
232194	6894
232226	6895
232349	6896
232413	6897
232677	6898
232828	6899
232912	6900
233043	6901
233362	6902
233376	6903
233388	6904
233429	6905
233448	6906
233500	6907
233697	6908
233791	6909
234130	6910
234154	6911
234474	6912
234502	6913
234560	6914
234591	6915
234715	6916
234753	6917
234755	6918
234764	6919
234778	6920
234781	6921
234792	6922
234802	6923
234862	6924
234864	6925
234865	6926
234949	6927
234985	6928
235277	6929
235331	6930
235355	6931
235376	6932
235749	6933
235862	6934
235911	6935
236385	6936
236601	6937
236791	6938
237016	6939
237108	6940
237288	6941
237305	6942
237527	6943
237564	6944
237576	6945
237602	6946
237614	6947
237816	6948
237881	6949
237963	6950
238094	6951
238097	6952
238127	6953
238133	6954
238136	6955
238240	6956
238245	6957
238376	6958
238377	6959
238462	6960
238523	6961
238536	6962
238610	6963
238731	6964
238788	6965
238823	6966
238889	6967
238981	6968
239093	6969
239328	6970
239532	6971
239586	6972
239666	6973
239732	6974
239792	6975
239907	6976
240060	6977
240070	6978
240213	6979
240476	6980
240600	6981
240778	6982
240815	6983
240897	6984
240913	6985
240942	6986
241018	6987
241060	6988
241064	6989
241065	6990
241091	6991
241114	6992
241204	6993
241276	6994
241294	6995
241318	6996
241551	6997
241623	6998
241689	6999
241782	7000
241820	7001
241910	7002
242003	7003
242011	7004
242258	7005
242276	7006
243008	7007
243085	7008
243189	7009
243300	7010
243545	7011
243644	7012
243703	7013
243821	7014
243952	7015
243975	7016
243984	7017
244048	7018
244123	7019
244154	7020
244159	7021
244210	7022
244228	7023
244591	7024
244667	7025
244743	7026
244888	7027
244927	7028
244976	7029
245126	7030
245140	7031
245141	7032
245147	7033
245151	7034
245194	7035
245299	7036
245328	7037
245338	7038
245508	7039
245512	7040
245691	7041
245717	7042
245879	7043
245984	7044
246037	7045
246233	7046
246419	7047
246436	7048
246735	7049
247087	7050
247170	7051
247499	7052
247547	7053
247553	7054
247583	7055
247585	7056
247762	7057
247947	7058
248025	7059
248123	7060
248135	7061
248144	7062
248157	7063
248232	7064
248236	7065
248245	7066
248478	7067
248522	7068
248565	7069
248570	7070
248755	7071
248774	7072
248797	7073
248806	7074
248828	7075
248866	7076
249105	7077
249110	7078
249137	7079
249359	7080
249372	7081
249401	7082
249440	7083
249444	7084
249850	7085
250168	7086
250189	7087
250288	7088
250545	7089
250550	7090
250645	7091
250683	7092
250929	7093
251300	7094
251421	7095
251595	7096
251675	7097
251686	7098
251713	7099
251950	7100
252210	7101
252224	7102
252379	7103
252384	7104
252400	7105
252401	7106
252403	7107
252411	7108
252436	7109
252467	7110
252613	7111
252774	7112
252967	7113
252987	7114
253027	7115
253220	7116
253702	7117
253759	7118
253773	7119
254013	7120
254143	7121
254229	7122
254264	7123
254356	7124
254378	7125
254563	7126
255046	7127
255171	7128
255475	7129
255531	7130
255551	7131
255556	7132
255572	7133
255629	7134
255643	7135
255822	7136
255847	7137
255856	7138
256168	7139
256195	7140
256205	7141
256351	7142
256575	7143
256689	7144
256695	7145
256708	7146
256729	7147
256842	7148
257001	7149
257063	7150
257144	7151
257316	7152
257342	7153
257525	7154
257554	7155
257673	7156
257850	7157
258067	7158
258380	7159
258457	7160
258521	7161
258578	7162
258582	7163
258738	7164
258839	7165
259134	7166
259287	7167
259314	7168
259346	7169
259387	7170
259414	7171
259417	7172
259474	7173
259475	7174
259494	7175
259544	7176
259559	7177
259562	7178
259673	7179
259971	7180
259993	7181
260013	7182
260032	7183
260306	7184
260400	7185
260401	7186
260402	7187
260442	7188
260563	7189
260636	7190
260703	7191
260706	7192
260761	7193
261344	7194
261365	7195
261384	7196
261622	7197
261638	7198
261737	7199
261949	7200
261960	7201
262047	7202
262199	7203
262353	7204
262394	7205
262474	7206
262596	7207
262727	7208
262894	7209
263113	7210
263193	7211
263287	7212
263545	7213
263557	7214
263564	7215
263573	7216
263596	7217
263878	7218
264141	7219
264142	7220
264157	7221
264216	7222
264217	7223
264331	7224
264387	7225
264612	7226
264667	7227
264683	7228
264710	7229
265229	7230
265379	7231
265380	7232
265736	7233
265811	7234
265878	7235
265986	7236
266695	7237
266796	7238
266806	7239
